"SEX_ABS","Sex","AGE","Age","STATE","State","REGIONTYPE","Geography Level","ASGS_2016","Region","TIME","Census year","Value","Flag Codes","Flags"
"3","Persons","TT","All ages","1","New South Wales","SA2","Statistical Area Level 2","102011028","Avoca Beach - Copacabana","2016","2016",7312,,
"3","Persons","TT","All ages","1","New South Wales","SA2","Statistical Area Level 2","102011029","Box Head - MacMasters Beach","2016","2016",10689,,
"3","Persons","TT","All ages","1","New South Wales","SA2","Statistical Area Level 2","102011030","Calga - Kulnura","2016","2016",4705,,
"3","Persons","TT","All ages","1","New South Wales","SA2","Statistical Area Level 2","102011031","Erina - Green Point","2016","2016",13953,,
"3","Persons","TT","All ages","1","New South Wales","SA2","Statistical Area Level 2","102011032","Gosford - Springfield","2016","2016",18803,,
"3","Persons","TT","All ages","1","New South Wales","SA2","Statistical Area Level 2","102011033","Kariong","2016","2016",6385,,
"3","Persons","TT","All ages","1","New South Wales","SA2","Statistical Area Level 2","102011034","Kincumber - Picketts Valley","2016","2016",7313,,
"3","Persons","TT","All ages","1","New South Wales","SA2","Statistical Area Level 2","102011035","Narara","2016","2016",6642,,
"3","Persons","TT","All ages","1","New South Wales","SA2","Statistical Area Level 2","102011036","Niagara Park - Lisarow","2016","2016",8029,,
"3","Persons","TT","All ages","1","New South Wales","SA2","Statistical Area Level 2","102011037","Point Clare - Koolewong","2016","2016",6206,,
"3","Persons","TT","All ages","1","New South Wales","SA2","Statistical Area Level 2","102011038","Saratoga - Davistown","2016","2016",6984,,
"3","Persons","TT","All ages","1","New South Wales","SA2","Statistical Area Level 2","102011039","Terrigal - North Avoca","2016","2016",13347,,
"3","Persons","TT","All ages","1","New South Wales","SA2","Statistical Area Level 2","102011040","Umina - Booker Bay - Patonga","2016","2016",23590,,
"3","Persons","TT","All ages","1","New South Wales","SA2","Statistical Area Level 2","102011041","Wamberal - Forresters Beach","2016","2016",9757,,
"3","Persons","TT","All ages","1","New South Wales","SA2","Statistical Area Level 2","102011042","Woy Woy - Blackwall","2016","2016",13924,,
"3","Persons","TT","All ages","1","New South Wales","SA2","Statistical Area Level 2","102011043","Wyoming","2016","2016",11436,,
"3","Persons","TT","All ages","1","New South Wales","SA2","Statistical Area Level 2","102021044","Bateau Bay - Killarney Vale","2016","2016",22008,,
"3","Persons","TT","All ages","1","New South Wales","SA2","Statistical Area Level 2","102021045","Blue Haven - San Remo","2016","2016",11046,,
"3","Persons","TT","All ages","1","New South Wales","SA2","Statistical Area Level 2","102021046","Budgewoi - Buff Point - Halekulani","2016","2016",9409,,
"3","Persons","TT","All ages","1","New South Wales","SA2","Statistical Area Level 2","102021047","Chittaway Bay - Tumbi Umbi","2016","2016",15355,,
"3","Persons","TT","All ages","1","New South Wales","SA2","Statistical Area Level 2","102021048","Gorokan - Kanwal - Charmhaven","2016","2016",22109,,
"3","Persons","TT","All ages","1","New South Wales","SA2","Statistical Area Level 2","102021049","Jilliby - Yarramalong","2016","2016",3358,,
"3","Persons","TT","All ages","1","New South Wales","SA2","Statistical Area Level 2","102021050","Lake Munmorah - Mannering Park","2016","2016",10728,,
"3","Persons","TT","All ages","1","New South Wales","SA2","Statistical Area Level 2","102021051","Ourimbah - Fountaindale","2016","2016",4855,,
"3","Persons","TT","All ages","1","New South Wales","SA2","Statistical Area Level 2","102021052","Summerland Point - Gwandalan","2016","2016",5768,,
"3","Persons","TT","All ages","1","New South Wales","SA2","Statistical Area Level 2","102021053","The Entrance","2016","2016",14941,,
"3","Persons","TT","All ages","1","New South Wales","SA2","Statistical Area Level 2","102021054","Toukley - Norah Head","2016","2016",9773,,
"3","Persons","TT","All ages","1","New South Wales","SA2","Statistical Area Level 2","102021055","Tuggerah - Kangy Angy","2016","2016",5303,,
"3","Persons","TT","All ages","1","New South Wales","SA2","Statistical Area Level 2","102021056","Warnervale - Wadalba","2016","2016",15222,,
"3","Persons","TT","All ages","1","New South Wales","SA2","Statistical Area Level 2","102021057","Wyong","2016","2016",8822,,
"3","Persons","TT","All ages","1","New South Wales","SA2","Statistical Area Level 2","115011290","Baulkham Hills (East)","2016","2016",22944,,
"3","Persons","TT","All ages","1","New South Wales","SA2","Statistical Area Level 2","115011291","Baulkham Hills (West) - Bella Vista","2016","2016",20066,,
"3","Persons","TT","All ages","1","New South Wales","SA2","Statistical Area Level 2","115011294","Glenhaven","2016","2016",6251,,
"3","Persons","TT","All ages","1","New South Wales","SA2","Statistical Area Level 2","115011296","West Pennant Hills","2016","2016",12639,,
"3","Persons","TT","All ages","1","New South Wales","SA2","Statistical Area Level 2","115011553","Castle Hill - Central","2016","2016",7611,,
"3","Persons","TT","All ages","1","New South Wales","SA2","Statistical Area Level 2","115011554","Castle Hill - East","2016","2016",5593,,
"3","Persons","TT","All ages","1","New South Wales","SA2","Statistical Area Level 2","115011555","Castle Hill - North","2016","2016",11885,,
"3","Persons","TT","All ages","1","New South Wales","SA2","Statistical Area Level 2","115011556","Castle Hill - South","2016","2016",9517,,
"3","Persons","TT","All ages","1","New South Wales","SA2","Statistical Area Level 2","115011557","Castle Hill - West","2016","2016",5241,,
"3","Persons","TT","All ages","1","New South Wales","SA2","Statistical Area Level 2","115011558","Cherrybrook","2016","2016",18765,,
"3","Persons","TT","All ages","1","New South Wales","SA2","Statistical Area Level 2","115011559","Kellyville","2016","2016",23228,,
"3","Persons","TT","All ages","1","New South Wales","SA2","Statistical Area Level 2","115021297","Dural - Kenthurst - Wisemans Ferry","2016","2016",21016,,
"3","Persons","TT","All ages","1","New South Wales","SA2","Statistical Area Level 2","115021298","Galston - Laughtondale","2016","2016",5210,,
"3","Persons","TT","All ages","1","New South Wales","SA2","Statistical Area Level 2","115031299","Bilpin - Colo - St Albans","2016","2016",2692,,
"3","Persons","TT","All ages","1","New South Wales","SA2","Statistical Area Level 2","115031300","Kurrajong Heights - Ebenezer","2016","2016",21900,,
"3","Persons","TT","All ages","1","New South Wales","SA2","Statistical Area Level 2","115041301","Pitt Town - McGraths Hill","2016","2016",10528,,
"3","Persons","TT","All ages","1","New South Wales","SA2","Statistical Area Level 2","115041302","Rouse Hill - Beaumont Hills","2016","2016",22652,,
"3","Persons","TT","All ages","1","New South Wales","SA2","Statistical Area Level 2","116011303","Blacktown (East) - Kings Park","2016","2016",16921,,
"3","Persons","TT","All ages","1","New South Wales","SA2","Statistical Area Level 2","116011304","Blacktown (North) - Marayong","2016","2016",18023,,
"3","Persons","TT","All ages","1","New South Wales","SA2","Statistical Area Level 2","116011306","Doonside - Woodcroft","2016","2016",22530,,
"3","Persons","TT","All ages","1","New South Wales","SA2","Statistical Area Level 2","116011307","Lalor Park - Kings Langley","2016","2016",24879,,
"3","Persons","TT","All ages","1","New South Wales","SA2","Statistical Area Level 2","116011308","Seven Hills - Toongabbie","2016","2016",23921,,
"3","Persons","TT","All ages","1","New South Wales","SA2","Statistical Area Level 2","116011560","Blacktown (South)","2016","2016",12322,,
"3","Persons","TT","All ages","1","New South Wales","SA2","Statistical Area Level 2","116011561","Blacktown (West)","2016","2016",16156,,
"3","Persons","TT","All ages","1","New South Wales","SA2","Statistical Area Level 2","116021309","Glenwood","2016","2016",16130,,
"3","Persons","TT","All ages","1","New South Wales","SA2","Statistical Area Level 2","116021310","Parklea - Kellyville Ridge","2016","2016",32645,,
"3","Persons","TT","All ages","1","New South Wales","SA2","Statistical Area Level 2","116021312","Riverstone - Marsden Park","2016","2016",17312,,
"3","Persons","TT","All ages","1","New South Wales","SA2","Statistical Area Level 2","116021562","Acacia Gardens","2016","2016",3793,,
"3","Persons","TT","All ages","1","New South Wales","SA2","Statistical Area Level 2","116021563","Quakers Hill","2016","2016",22938,,
"3","Persons","TT","All ages","1","New South Wales","SA2","Statistical Area Level 2","116031313","Bidwill - Hebersham - Emerton","2016","2016",18445,,
"3","Persons","TT","All ages","1","New South Wales","SA2","Statistical Area Level 2","116031314","Glendenning - Dean Park","2016","2016",8356,,
"3","Persons","TT","All ages","1","New South Wales","SA2","Statistical Area Level 2","116031315","Hassall Grove - Plumpton","2016","2016",20671,,
"3","Persons","TT","All ages","1","New South Wales","SA2","Statistical Area Level 2","116031316","Lethbridge Park - Tregear","2016","2016",20709,,
"3","Persons","TT","All ages","1","New South Wales","SA2","Statistical Area Level 2","116031317","Mount Druitt - Whalan","2016","2016",22698,,
"3","Persons","TT","All ages","1","New South Wales","SA2","Statistical Area Level 2","116031318","Prospect Reservoir","2016","2016",40,,
"3","Persons","TT","All ages","1","New South Wales","SA2","Statistical Area Level 2","116031319","Rooty Hill - Minchinbury","2016","2016",21154,,
"3","Persons","TT","All ages","1","New South Wales","SA2","Statistical Area Level 2","117011320","Banksmeadow","2016","2016",18,,
"3","Persons","TT","All ages","1","New South Wales","SA2","Statistical Area Level 2","117011321","Botany","2016","2016",10817,,
"3","Persons","TT","All ages","1","New South Wales","SA2","Statistical Area Level 2","117011322","Mascot - Eastlakes","2016","2016",24410,,
"3","Persons","TT","All ages","1","New South Wales","SA2","Statistical Area Level 2","117011323","Pagewood - Hillsdale - Daceyville","2016","2016",11373,,
"3","Persons","TT","All ages","1","New South Wales","SA2","Statistical Area Level 2","117011324","Port Botany Industrial","2016","2016",10,,
"3","Persons","TT","All ages","1","New South Wales","SA2","Statistical Area Level 2","117011325","Sydney Airport","2016","2016",58,,
"3","Persons","TT","All ages","1","New South Wales","SA2","Statistical Area Level 2","117021326","Marrickville","2016","2016",26533,,
"3","Persons","TT","All ages","1","New South Wales","SA2","Statistical Area Level 2","117021327","Petersham - Stanmore","2016","2016",20231,,
"3","Persons","TT","All ages","1","New South Wales","SA2","Statistical Area Level 2","117021328","Sydenham - Tempe - St Peters","2016","2016",7846,,
"3","Persons","TT","All ages","1","New South Wales","SA2","Statistical Area Level 2","117031329","Darlinghurst","2016","2016",11320,,
"3","Persons","TT","All ages","1","New South Wales","SA2","Statistical Area Level 2","117031330","Erskineville - Alexandria","2016","2016",16233,,
"3","Persons","TT","All ages","1","New South Wales","SA2","Statistical Area Level 2","117031331","Glebe - Forest Lodge","2016","2016",19609,,
"3","Persons","TT","All ages","1","New South Wales","SA2","Statistical Area Level 2","117031332","Newtown - Camperdown - Darlington","2016","2016",24839,,
"3","Persons","TT","All ages","1","New South Wales","SA2","Statistical Area Level 2","117031333","Potts Point - Woolloomooloo","2016","2016",21205,,
"3","Persons","TT","All ages","1","New South Wales","SA2","Statistical Area Level 2","117031334","Pyrmont - Ultimo","2016","2016",21656,,
"3","Persons","TT","All ages","1","New South Wales","SA2","Statistical Area Level 2","117031335","Redfern - Chippendale","2016","2016",22501,,
"3","Persons","TT","All ages","1","New South Wales","SA2","Statistical Area Level 2","117031336","Surry Hills","2016","2016",16412,,
"3","Persons","TT","All ages","1","New South Wales","SA2","Statistical Area Level 2","117031337","Sydney - Haymarket - The Rocks","2016","2016",27407,,
"3","Persons","TT","All ages","1","New South Wales","SA2","Statistical Area Level 2","117031338","Waterloo - Beaconsfield","2016","2016",33060,,
"3","Persons","TT","All ages","1","New South Wales","SA2","Statistical Area Level 2","118011339","Bondi - Tamarama - Bronte","2016","2016",18398,,
"3","Persons","TT","All ages","1","New South Wales","SA2","Statistical Area Level 2","118011340","Bondi Beach - North Bondi","2016","2016",20728,,
"3","Persons","TT","All ages","1","New South Wales","SA2","Statistical Area Level 2","118011341","Bondi Junction - Waverly","2016","2016",16857,,
"3","Persons","TT","All ages","1","New South Wales","SA2","Statistical Area Level 2","118011342","Centennial Park","2016","2016",0,,
"3","Persons","TT","All ages","1","New South Wales","SA2","Statistical Area Level 2","118011343","Double Bay - Bellevue Hill","2016","2016",24868,,
"3","Persons","TT","All ages","1","New South Wales","SA2","Statistical Area Level 2","118011344","Dover Heights","2016","2016",10829,,
"3","Persons","TT","All ages","1","New South Wales","SA2","Statistical Area Level 2","118011345","Paddington - Moore Park","2016","2016",15170,,
"3","Persons","TT","All ages","1","New South Wales","SA2","Statistical Area Level 2","118011346","Rose Bay - Vaucluse - Watsons Bay","2016","2016",11840,,
"3","Persons","TT","All ages","1","New South Wales","SA2","Statistical Area Level 2","118011347","Woollahra","2016","2016",7685,,
"3","Persons","TT","All ages","1","New South Wales","SA2","Statistical Area Level 2","118021348","Coogee - Clovelly","2016","2016",25452,,
"3","Persons","TT","All ages","1","New South Wales","SA2","Statistical Area Level 2","118021350","Malabar - La Perouse - Chifley","2016","2016",24036,,
"3","Persons","TT","All ages","1","New South Wales","SA2","Statistical Area Level 2","118021564","Kensington (NSW)","2016","2016",14882,,
"3","Persons","TT","All ages","1","New South Wales","SA2","Statistical Area Level 2","118021565","Kingsford","2016","2016",15599,,
"3","Persons","TT","All ages","1","New South Wales","SA2","Statistical Area Level 2","118021566","Maroubra - North","2016","2016",9812,,
"3","Persons","TT","All ages","1","New South Wales","SA2","Statistical Area Level 2","118021567","Maroubra - South","2016","2016",10683,,
"3","Persons","TT","All ages","1","New South Wales","SA2","Statistical Area Level 2","118021568","Maroubra - West","2016","2016",10199,,
"3","Persons","TT","All ages","1","New South Wales","SA2","Statistical Area Level 2","118021569","Randwick - North","2016","2016",16873,,
"3","Persons","TT","All ages","1","New South Wales","SA2","Statistical Area Level 2","118021570","Randwick - South","2016","2016",13112,,
"3","Persons","TT","All ages","1","New South Wales","SA2","Statistical Area Level 2","119011354","Bass Hill - Georges Hall","2016","2016",21828,,
"3","Persons","TT","All ages","1","New South Wales","SA2","Statistical Area Level 2","119011355","Chullora","2016","2016",900,,
"3","Persons","TT","All ages","1","New South Wales","SA2","Statistical Area Level 2","119011356","Condell Park","2016","2016",11309,,
"3","Persons","TT","All ages","1","New South Wales","SA2","Statistical Area Level 2","119011357","Greenacre - Mount Lewis","2016","2016",25964,,
"3","Persons","TT","All ages","1","New South Wales","SA2","Statistical Area Level 2","119011358","Padstow","2016","2016",16475,,
"3","Persons","TT","All ages","1","New South Wales","SA2","Statistical Area Level 2","119011359","Panania - Milperra - Picnic Point","2016","2016",25788,,
"3","Persons","TT","All ages","1","New South Wales","SA2","Statistical Area Level 2","119011360","Revesby","2016","2016",16219,,
"3","Persons","TT","All ages","1","New South Wales","SA2","Statistical Area Level 2","119011361","Yagoona - Birrong","2016","2016",20706,,
"3","Persons","TT","All ages","1","New South Wales","SA2","Statistical Area Level 2","119011571","Bankstown - North","2016","2016",16237,,
"3","Persons","TT","All ages","1","New South Wales","SA2","Statistical Area Level 2","119011572","Bankstown - South","2016","2016",15998,,
"3","Persons","TT","All ages","1","New South Wales","SA2","Statistical Area Level 2","119021362","Belmore - Belfield","2016","2016",19037,,
"3","Persons","TT","All ages","1","New South Wales","SA2","Statistical Area Level 2","119021363","Canterbury (South) - Campsie","2016","2016",30622,,
"3","Persons","TT","All ages","1","New South Wales","SA2","Statistical Area Level 2","119021364","Kingsgrove (North) - Earlwood","2016","2016",23680,,
"3","Persons","TT","All ages","1","New South Wales","SA2","Statistical Area Level 2","119021366","Punchbowl","2016","2016",20757,,
"3","Persons","TT","All ages","1","New South Wales","SA2","Statistical Area Level 2","119021367","Roselands","2016","2016",13738,,
"3","Persons","TT","All ages","1","New South Wales","SA2","Statistical Area Level 2","119021573","Lakemba","2016","2016",17023,,
"3","Persons","TT","All ages","1","New South Wales","SA2","Statistical Area Level 2","119021574","Wiley Park","2016","2016",10218,,
"3","Persons","TT","All ages","1","New South Wales","SA2","Statistical Area Level 2","119031368","Hurstville","2016","2016",23608,,
"3","Persons","TT","All ages","1","New South Wales","SA2","Statistical Area Level 2","119031369","Mortdale - Penshurst","2016","2016",23904,,
"3","Persons","TT","All ages","1","New South Wales","SA2","Statistical Area Level 2","119031370","Narwee - Beverly Hills","2016","2016",13784,,
"3","Persons","TT","All ages","1","New South Wales","SA2","Statistical Area Level 2","119031371","Oatley - Hurstville Grove","2016","2016",12613,,
"3","Persons","TT","All ages","1","New South Wales","SA2","Statistical Area Level 2","119031372","Peakhurst - Lugarno","2016","2016",17933,,
"3","Persons","TT","All ages","1","New South Wales","SA2","Statistical Area Level 2","119031373","Riverwood","2016","2016",11280,,
"3","Persons","TT","All ages","1","New South Wales","SA2","Statistical Area Level 2","119031374","South Hurstville - Blakehurst","2016","2016",24070,,
"3","Persons","TT","All ages","1","New South Wales","SA2","Statistical Area Level 2","119041375","Arncliffe - Bardwell Valley","2016","2016",21448,,
"3","Persons","TT","All ages","1","New South Wales","SA2","Statistical Area Level 2","119041376","Bexley","2016","2016",26478,,
"3","Persons","TT","All ages","1","New South Wales","SA2","Statistical Area Level 2","119041377","Kingsgrove (South) - Bardwell Park","2016","2016",12611,,
"3","Persons","TT","All ages","1","New South Wales","SA2","Statistical Area Level 2","119041378","Kogarah","2016","2016",11311,,
"3","Persons","TT","All ages","1","New South Wales","SA2","Statistical Area Level 2","119041379","Kogarah Bay - Carlton - Allawah","2016","2016",15969,,
"3","Persons","TT","All ages","1","New South Wales","SA2","Statistical Area Level 2","119041380","Monterey - Brighton-le-Sands - Kyeemagh","2016","2016",13969,,
"3","Persons","TT","All ages","1","New South Wales","SA2","Statistical Area Level 2","119041381","Rockdale - Banksia","2016","2016",19961,,
"3","Persons","TT","All ages","1","New South Wales","SA2","Statistical Area Level 2","119041382","Sans Souci - Ramsgate","2016","2016",15976,,
"3","Persons","TT","All ages","1","New South Wales","SA2","Statistical Area Level 2","120011383","Concord - Mortlake - Cabarita","2016","2016",21740,,
"3","Persons","TT","All ages","1","New South Wales","SA2","Statistical Area Level 2","120011384","Concord West - North Strathfield","2016","2016",24847,,
"3","Persons","TT","All ages","1","New South Wales","SA2","Statistical Area Level 2","120011385","Drummoyne - Rodd Point","2016","2016",18325,,
"3","Persons","TT","All ages","1","New South Wales","SA2","Statistical Area Level 2","120011386","Five Dock - Abbotsford","2016","2016",20441,,
"3","Persons","TT","All ages","1","New South Wales","SA2","Statistical Area Level 2","120021387","Balmain","2016","2016",15687,,
"3","Persons","TT","All ages","1","New South Wales","SA2","Statistical Area Level 2","120021388","Leichhardt - Annandale","2016","2016",26387,,
"3","Persons","TT","All ages","1","New South Wales","SA2","Statistical Area Level 2","120021389","Lilyfield - Rozelle","2016","2016",13991,,
"3","Persons","TT","All ages","1","New South Wales","SA2","Statistical Area Level 2","120031390","Ashfield","2016","2016",24501,,
"3","Persons","TT","All ages","1","New South Wales","SA2","Statistical Area Level 2","120031391","Burwood - Croydon","2016","2016",24649,,
"3","Persons","TT","All ages","1","New South Wales","SA2","Statistical Area Level 2","120031392","Canterbury (North) - Ashbury","2016","2016",10448,,
"3","Persons","TT","All ages","1","New South Wales","SA2","Statistical Area Level 2","120031393","Croydon Park - Enfield","2016","2016",17228,,
"3","Persons","TT","All ages","1","New South Wales","SA2","Statistical Area Level 2","120031394","Dulwich Hill - Lewisham","2016","2016",16811,,
"3","Persons","TT","All ages","1","New South Wales","SA2","Statistical Area Level 2","120031395","Haberfield - Summer Hill","2016","2016",13470,,
"3","Persons","TT","All ages","1","New South Wales","SA2","Statistical Area Level 2","120031396","Homebush","2016","2016",16211,,
"3","Persons","TT","All ages","1","New South Wales","SA2","Statistical Area Level 2","120031575","Strathfield","2016","2016",25013,,
"3","Persons","TT","All ages","1","New South Wales","SA2","Statistical Area Level 2","120031576","Strathfield South","2016","2016",3546,,
"3","Persons","TT","All ages","1","New South Wales","SA2","Statistical Area Level 2","121011398","Chatswood (East) - Artarmon","2016","2016",28683,,
"3","Persons","TT","All ages","1","New South Wales","SA2","Statistical Area Level 2","121011399","Chatswood (West) - Lane Cove North","2016","2016",20857,,
"3","Persons","TT","All ages","1","New South Wales","SA2","Statistical Area Level 2","121011400","Lane Cove - Greenwich","2016","2016",26734,,
"3","Persons","TT","All ages","1","New South Wales","SA2","Statistical Area Level 2","121011401","St Leonards - Naremburn","2016","2016",10500,,
"3","Persons","TT","All ages","1","New South Wales","SA2","Statistical Area Level 2","121011402","Willoughby - Castle Cove - Northbridge","2016","2016",25462,,
"3","Persons","TT","All ages","1","New South Wales","SA2","Statistical Area Level 2","121021403","Asquith - Mount Colah","2016","2016",18287,,
"3","Persons","TT","All ages","1","New South Wales","SA2","Statistical Area Level 2","121021404","Berowra - Brooklyn - Cowan","2016","2016",11699,,
"3","Persons","TT","All ages","1","New South Wales","SA2","Statistical Area Level 2","121021406","Normanhurst - Thornleigh - Westleigh","2016","2016",18531,,
"3","Persons","TT","All ages","1","New South Wales","SA2","Statistical Area Level 2","121021577","Hornsby - East","2016","2016",11801,,
"3","Persons","TT","All ages","1","New South Wales","SA2","Statistical Area Level 2","121021578","Hornsby - West","2016","2016",10679,,
"3","Persons","TT","All ages","1","New South Wales","SA2","Statistical Area Level 2","121021579","Waitara - Wahroonga (West)","2016","2016",9601,,
"3","Persons","TT","All ages","1","New South Wales","SA2","Statistical Area Level 2","121031407","Gordon - Killara","2016","2016",21327,,
"3","Persons","TT","All ages","1","New South Wales","SA2","Statistical Area Level 2","121031408","Lindfield - Roseville","2016","2016",23148,,
"3","Persons","TT","All ages","1","New South Wales","SA2","Statistical Area Level 2","121031409","Pymble","2016","2016",16352,,
"3","Persons","TT","All ages","1","New South Wales","SA2","Statistical Area Level 2","121031410","St Ives","2016","2016",20451,,
"3","Persons","TT","All ages","1","New South Wales","SA2","Statistical Area Level 2","121031411","Turramurra","2016","2016",19268,,
"3","Persons","TT","All ages","1","New South Wales","SA2","Statistical Area Level 2","121031412","Wahroonga (East) - Warrawee","2016","2016",17826,,
"3","Persons","TT","All ages","1","New South Wales","SA2","Statistical Area Level 2","121041413","Cremorne - Cammeray","2016","2016",19079,,
"3","Persons","TT","All ages","1","New South Wales","SA2","Statistical Area Level 2","121041414","Crows Nest - Waverton","2016","2016",18022,,
"3","Persons","TT","All ages","1","New South Wales","SA2","Statistical Area Level 2","121041415","Mosman","2016","2016",28475,,
"3","Persons","TT","All ages","1","New South Wales","SA2","Statistical Area Level 2","121041416","Neutral Bay - Kirribilli","2016","2016",17852,,
"3","Persons","TT","All ages","1","New South Wales","SA2","Statistical Area Level 2","121041417","North Sydney - Lavender Bay","2016","2016",10706,,
"3","Persons","TT","All ages","1","New South Wales","SA2","Statistical Area Level 2","122011418","Balgowlah - Clontarf - Seaforth","2016","2016",20186,,
"3","Persons","TT","All ages","1","New South Wales","SA2","Statistical Area Level 2","122011419","Manly - Fairlight","2016","2016",21704,,
"3","Persons","TT","All ages","1","New South Wales","SA2","Statistical Area Level 2","122021420","Avalon - Palm Beach","2016","2016",12376,,
"3","Persons","TT","All ages","1","New South Wales","SA2","Statistical Area Level 2","122021421","Bayview - Elanora Heights","2016","2016",10742,,
"3","Persons","TT","All ages","1","New South Wales","SA2","Statistical Area Level 2","122021422","Newport - Bilgola","2016","2016",13181,,
"3","Persons","TT","All ages","1","New South Wales","SA2","Statistical Area Level 2","122021423","Warriewood - Mona Vale","2016","2016",24132,,
"3","Persons","TT","All ages","1","New South Wales","SA2","Statistical Area Level 2","122031424","Beacon Hill - Narraweena","2016","2016",13885,,
"3","Persons","TT","All ages","1","New South Wales","SA2","Statistical Area Level 2","122031425","Cromer","2016","2016",7482,,
"3","Persons","TT","All ages","1","New South Wales","SA2","Statistical Area Level 2","122031426","Dee Why - North Curl Curl","2016","2016",24951,,
"3","Persons","TT","All ages","1","New South Wales","SA2","Statistical Area Level 2","122031427","Forestville - Killarney Heights","2016","2016",12798,,
"3","Persons","TT","All ages","1","New South Wales","SA2","Statistical Area Level 2","122031428","Frenchs Forest - Belrose","2016","2016",25170,,
"3","Persons","TT","All ages","1","New South Wales","SA2","Statistical Area Level 2","122031429","Freshwater - Brookvale","2016","2016",20978,,
"3","Persons","TT","All ages","1","New South Wales","SA2","Statistical Area Level 2","122031430","Manly Vale - Allambie Heights","2016","2016",16870,,
"3","Persons","TT","All ages","1","New South Wales","SA2","Statistical Area Level 2","122031431","Narrabeen - Collaroy","2016","2016",24773,,
"3","Persons","TT","All ages","1","New South Wales","SA2","Statistical Area Level 2","122031432","Terrey Hills - Duffys Forest","2016","2016",3646,,
"3","Persons","TT","All ages","1","New South Wales","SA2","Statistical Area Level 2","123011433","Camden - Ellis Lane","2016","2016",12960,,
"3","Persons","TT","All ages","1","New South Wales","SA2","Statistical Area Level 2","123011434","Elderslie - Harrington Park","2016","2016",20980,,
"3","Persons","TT","All ages","1","New South Wales","SA2","Statistical Area Level 2","123011435","Mount Annan - Currans Hill","2016","2016",28575,,
"3","Persons","TT","All ages","1","New South Wales","SA2","Statistical Area Level 2","123021436","Bradbury - Wedderburn","2016","2016",18963,,
"3","Persons","TT","All ages","1","New South Wales","SA2","Statistical Area Level 2","123021437","Campbelltown - Woodbine","2016","2016",18192,,
"3","Persons","TT","All ages","1","New South Wales","SA2","Statistical Area Level 2","123021438","Claymore - Eagle Vale - Raby","2016","2016",20399,,
"3","Persons","TT","All ages","1","New South Wales","SA2","Statistical Area Level 2","123021439","Holsworthy Military Area","2016","2016",0,,
"3","Persons","TT","All ages","1","New South Wales","SA2","Statistical Area Level 2","123021440","Ingleburn - Denham Court","2016","2016",19987,,
"3","Persons","TT","All ages","1","New South Wales","SA2","Statistical Area Level 2","123021441","Leumeah - Minto Heights","2016","2016",16536,,
"3","Persons","TT","All ages","1","New South Wales","SA2","Statistical Area Level 2","123021442","Macquarie Fields - Glenfield","2016","2016",23554,,
"3","Persons","TT","All ages","1","New South Wales","SA2","Statistical Area Level 2","123021443","Minto - St Andrews","2016","2016",19885,,
"3","Persons","TT","All ages","1","New South Wales","SA2","Statistical Area Level 2","123021444","Rosemeadow - Glen Alpine","2016","2016",20880,,
"3","Persons","TT","All ages","1","New South Wales","SA2","Statistical Area Level 2","123031445","Bargo","2016","2016",5741,,
"3","Persons","TT","All ages","1","New South Wales","SA2","Statistical Area Level 2","123031446","Douglas Park - Appin","2016","2016",9626,,
"3","Persons","TT","All ages","1","New South Wales","SA2","Statistical Area Level 2","123031447","Picton - Tahmoor - Buxton","2016","2016",16790,,
"3","Persons","TT","All ages","1","New South Wales","SA2","Statistical Area Level 2","123031448","The Oaks - Oakdale","2016","2016",8998,,
"3","Persons","TT","All ages","1","New South Wales","SA2","Statistical Area Level 2","124011449","Blackheath - Megalong Valley","2016","2016",5561,,
"3","Persons","TT","All ages","1","New South Wales","SA2","Statistical Area Level 2","124011450","Blaxland - Warrimoo - Lapstone","2016","2016",18938,,
"3","Persons","TT","All ages","1","New South Wales","SA2","Statistical Area Level 2","124011451","Blue Mountains - North","2016","2016",13,,
"3","Persons","TT","All ages","1","New South Wales","SA2","Statistical Area Level 2","124011452","Katoomba - Leura","2016","2016",13224,,
"3","Persons","TT","All ages","1","New South Wales","SA2","Statistical Area Level 2","124011453","Lawson - Hazelbrook - Linden","2016","2016",11259,,
"3","Persons","TT","All ages","1","New South Wales","SA2","Statistical Area Level 2","124011454","Springwood - Winmalee","2016","2016",21634,,
"3","Persons","TT","All ages","1","New South Wales","SA2","Statistical Area Level 2","124011455","Wentworth Falls","2016","2016",6076,,
"3","Persons","TT","All ages","1","New South Wales","SA2","Statistical Area Level 2","124021456","Blue Mountains - South","2016","2016",3,,
"3","Persons","TT","All ages","1","New South Wales","SA2","Statistical Area Level 2","124031457","Cambridge Park","2016","2016",15641,,
"3","Persons","TT","All ages","1","New South Wales","SA2","Statistical Area Level 2","124031458","Castlereagh - Cranebrook","2016","2016",23720,,
"3","Persons","TT","All ages","1","New South Wales","SA2","Statistical Area Level 2","124031459","Emu Plains - Leonay","2016","2016",14220,,
"3","Persons","TT","All ages","1","New South Wales","SA2","Statistical Area Level 2","124031460","Glenmore Park - Regentville","2016","2016",21202,,
"3","Persons","TT","All ages","1","New South Wales","SA2","Statistical Area Level 2","124031461","Jamisontown - South Penrith","2016","2016",17288,,
"3","Persons","TT","All ages","1","New South Wales","SA2","Statistical Area Level 2","124031462","Kingswood - Werrington","2016","2016",19584,,
"3","Persons","TT","All ages","1","New South Wales","SA2","Statistical Area Level 2","124031463","Mulgoa - Luddenham - Orchard Hills","2016","2016",9543,,
"3","Persons","TT","All ages","1","New South Wales","SA2","Statistical Area Level 2","124031464","Penrith","2016","2016",13295,,
"3","Persons","TT","All ages","1","New South Wales","SA2","Statistical Area Level 2","124031465","Warragamba - Silverdale","2016","2016",5189,,
"3","Persons","TT","All ages","1","New South Wales","SA2","Statistical Area Level 2","124041466","Richmond - Clarendon","2016","2016",13842,,
"3","Persons","TT","All ages","1","New South Wales","SA2","Statistical Area Level 2","124041467","Windsor - Bligh Park","2016","2016",15328,,
"3","Persons","TT","All ages","1","New South Wales","SA2","Statistical Area Level 2","124041468","Yarramundi - Londonderry","2016","2016",7374,,
"3","Persons","TT","All ages","1","New South Wales","SA2","Statistical Area Level 2","124051469","Erskine Park","2016","2016",6436,,
"3","Persons","TT","All ages","1","New South Wales","SA2","Statistical Area Level 2","124051470","St Clair","2016","2016",19897,,
"3","Persons","TT","All ages","1","New South Wales","SA2","Statistical Area Level 2","124051580","Colyton - Oxley Park","2016","2016",11591,,
"3","Persons","TT","All ages","1","New South Wales","SA2","Statistical Area Level 2","124051581","St Marys - North St Marys","2016","2016",16072,,
"3","Persons","TT","All ages","1","New South Wales","SA2","Statistical Area Level 2","125011473","Homebush Bay - Silverwater","2016","2016",18737,,
"3","Persons","TT","All ages","1","New South Wales","SA2","Statistical Area Level 2","125011475","Rookwood Cemetery","2016","2016",3,,
"3","Persons","TT","All ages","1","New South Wales","SA2","Statistical Area Level 2","125011582","Auburn - Central","2016","2016",17174,,
"3","Persons","TT","All ages","1","New South Wales","SA2","Statistical Area Level 2","125011583","Auburn - North","2016","2016",11323,,
"3","Persons","TT","All ages","1","New South Wales","SA2","Statistical Area Level 2","125011584","Auburn - South","2016","2016",8484,,
"3","Persons","TT","All ages","1","New South Wales","SA2","Statistical Area Level 2","125011585","Berala","2016","2016",8899,,
"3","Persons","TT","All ages","1","New South Wales","SA2","Statistical Area Level 2","125011586","Lidcombe","2016","2016",19983,,
"3","Persons","TT","All ages","1","New South Wales","SA2","Statistical Area Level 2","125011587","Regents Park","2016","2016",5064,,
"3","Persons","TT","All ages","1","New South Wales","SA2","Statistical Area Level 2","125021476","Carlingford","2016","2016",27361,,
"3","Persons","TT","All ages","1","New South Wales","SA2","Statistical Area Level 2","125021477","Ermington - Rydalmere","2016","2016",21424,,
"3","Persons","TT","All ages","1","New South Wales","SA2","Statistical Area Level 2","125021478","Oatlands - Dundas Valley","2016","2016",17786,,
"3","Persons","TT","All ages","1","New South Wales","SA2","Statistical Area Level 2","125031479","Chester Hill - Sefton","2016","2016",18467,,
"3","Persons","TT","All ages","1","New South Wales","SA2","Statistical Area Level 2","125031480","Fairfield - East","2016","2016",15515,,
"3","Persons","TT","All ages","1","New South Wales","SA2","Statistical Area Level 2","125031481","Granville - Clyde","2016","2016",20826,,
"3","Persons","TT","All ages","1","New South Wales","SA2","Statistical Area Level 2","125031482","Greystanes - Pemulwuy","2016","2016",26312,,
"3","Persons","TT","All ages","1","New South Wales","SA2","Statistical Area Level 2","125031483","Guildford - South Granville","2016","2016",20950,,
"3","Persons","TT","All ages","1","New South Wales","SA2","Statistical Area Level 2","125031484","Guildford West - Merrylands West","2016","2016",20720,,
"3","Persons","TT","All ages","1","New South Wales","SA2","Statistical Area Level 2","125031485","Merrylands - Holroyd","2016","2016",28450,,
"3","Persons","TT","All ages","1","New South Wales","SA2","Statistical Area Level 2","125031486","Smithfield Industrial","2016","2016",8,,
"3","Persons","TT","All ages","1","New South Wales","SA2","Statistical Area Level 2","125031487","Yennora Industrial","2016","2016",11,,
"3","Persons","TT","All ages","1","New South Wales","SA2","Statistical Area Level 2","125041489","North Parramatta","2016","2016",22234,,
"3","Persons","TT","All ages","1","New South Wales","SA2","Statistical Area Level 2","125041490","North Rocks","2016","2016",7872,,
"3","Persons","TT","All ages","1","New South Wales","SA2","Statistical Area Level 2","125041491","Northmead","2016","2016",20382,,
"3","Persons","TT","All ages","1","New South Wales","SA2","Statistical Area Level 2","125041492","Parramatta - Rosehill","2016","2016",29249,,
"3","Persons","TT","All ages","1","New South Wales","SA2","Statistical Area Level 2","125041493","Toongabbie - Constitution Hill","2016","2016",21935,,
"3","Persons","TT","All ages","1","New South Wales","SA2","Statistical Area Level 2","125041494","Winston Hills","2016","2016",10773,,
"3","Persons","TT","All ages","1","New South Wales","SA2","Statistical Area Level 2","125041588","Pendle Hill - Girraween","2016","2016",12847,,
"3","Persons","TT","All ages","1","New South Wales","SA2","Statistical Area Level 2","125041589","Wentworthville - Westmead","2016","2016",15604,,
"3","Persons","TT","All ages","1","New South Wales","SA2","Statistical Area Level 2","126011495","Epping - North Epping","2016","2016",27095,,
"3","Persons","TT","All ages","1","New South Wales","SA2","Statistical Area Level 2","126011496","Pennant Hills - Cheltenham","2016","2016",20493,,
"3","Persons","TT","All ages","1","New South Wales","SA2","Statistical Area Level 2","126021497","Eastwood - Denistone","2016","2016",25047,,
"3","Persons","TT","All ages","1","New South Wales","SA2","Statistical Area Level 2","126021498","Gladesville - Huntleys Point","2016","2016",14414,,
"3","Persons","TT","All ages","1","New South Wales","SA2","Statistical Area Level 2","126021499","Hunters Hill - Woolwich","2016","2016",10345,,
"3","Persons","TT","All ages","1","New South Wales","SA2","Statistical Area Level 2","126021500","Macquarie Park - Marsfield","2016","2016",21724,,
"3","Persons","TT","All ages","1","New South Wales","SA2","Statistical Area Level 2","126021501","North Ryde - East Ryde","2016","2016",12310,,
"3","Persons","TT","All ages","1","New South Wales","SA2","Statistical Area Level 2","126021503","West Ryde - Meadowbank","2016","2016",19375,,
"3","Persons","TT","All ages","1","New South Wales","SA2","Statistical Area Level 2","126021590","Putney","2016","2016",4141,,
"3","Persons","TT","All ages","1","New South Wales","SA2","Statistical Area Level 2","126021591","Ryde","2016","2016",27175,,
"3","Persons","TT","All ages","1","New South Wales","SA2","Statistical Area Level 2","127011504","Ashcroft - Busby - Miller","2016","2016",17341,,
"3","Persons","TT","All ages","1","New South Wales","SA2","Statistical Area Level 2","127011505","Austral - Greendale","2016","2016",8911,,
"3","Persons","TT","All ages","1","New South Wales","SA2","Statistical Area Level 2","127011506","Cobbitty - Leppington","2016","2016",17891,,
"3","Persons","TT","All ages","1","New South Wales","SA2","Statistical Area Level 2","127011592","Badgerys Creek","2016","2016",60,,
"3","Persons","TT","All ages","1","New South Wales","SA2","Statistical Area Level 2","127011593","Cecil Hills","2016","2016",7017,,
"3","Persons","TT","All ages","1","New South Wales","SA2","Statistical Area Level 2","127011594","Green Valley","2016","2016",12516,,
"3","Persons","TT","All ages","1","New South Wales","SA2","Statistical Area Level 2","127011595","Hinchinbrook","2016","2016",12298,,
"3","Persons","TT","All ages","1","New South Wales","SA2","Statistical Area Level 2","127011596","Hoxton Park - Carnes Hill - Horningsea Park","2016","2016",11591,,
"3","Persons","TT","All ages","1","New South Wales","SA2","Statistical Area Level 2","127011597","West Hoxton - Middleton Grange","2016","2016",15186,,
"3","Persons","TT","All ages","1","New South Wales","SA2","Statistical Area Level 2","127021509","Bonnyrigg Heights - Bonnyrigg","2016","2016",15979,,
"3","Persons","TT","All ages","1","New South Wales","SA2","Statistical Area Level 2","127021510","Bossley Park - Abbotsbury","2016","2016",18834,,
"3","Persons","TT","All ages","1","New South Wales","SA2","Statistical Area Level 2","127021511","Cabramatta - Lansvale","2016","2016",24708,,
"3","Persons","TT","All ages","1","New South Wales","SA2","Statistical Area Level 2","127021512","Cabramatta West - Mount Pritchard","2016","2016",17193,,
"3","Persons","TT","All ages","1","New South Wales","SA2","Statistical Area Level 2","127021513","Canley Vale - Canley Heights","2016","2016",20821,,
"3","Persons","TT","All ages","1","New South Wales","SA2","Statistical Area Level 2","127021514","Edensor Park","2016","2016",9772,,
"3","Persons","TT","All ages","1","New South Wales","SA2","Statistical Area Level 2","127021515","Fairfield","2016","2016",17700,,
"3","Persons","TT","All ages","1","New South Wales","SA2","Statistical Area Level 2","127021516","Fairfield - West","2016","2016",19091,,
"3","Persons","TT","All ages","1","New South Wales","SA2","Statistical Area Level 2","127021517","Greenfield Park - Prairiewood","2016","2016",8332,,
"3","Persons","TT","All ages","1","New South Wales","SA2","Statistical Area Level 2","127021518","Horsley Park - Kemps Creek","2016","2016",4422,,
"3","Persons","TT","All ages","1","New South Wales","SA2","Statistical Area Level 2","127021519","Smithfield - Wetherill Park","2016","2016",18044,,
"3","Persons","TT","All ages","1","New South Wales","SA2","Statistical Area Level 2","127021520","St Johns Park - Wakeley","2016","2016",10864,,
"3","Persons","TT","All ages","1","New South Wales","SA2","Statistical Area Level 2","127021521","Wetherill Park Industrial","2016","2016",35,,
"3","Persons","TT","All ages","1","New South Wales","SA2","Statistical Area Level 2","127031522","Casula","2016","2016",15662,,
"3","Persons","TT","All ages","1","New South Wales","SA2","Statistical Area Level 2","127031523","Chipping Norton - Moorebank","2016","2016",18746,,
"3","Persons","TT","All ages","1","New South Wales","SA2","Statistical Area Level 2","127031524","Holsworthy - Wattle Grove","2016","2016",20706,,
"3","Persons","TT","All ages","1","New South Wales","SA2","Statistical Area Level 2","127031598","Liverpool","2016","2016",27172,,
"3","Persons","TT","All ages","1","New South Wales","SA2","Statistical Area Level 2","127031599","Lurnea - Cartwright","2016","2016",11681,,
"3","Persons","TT","All ages","1","New South Wales","SA2","Statistical Area Level 2","127031600","Prestons - Edmondson Park","2016","2016",17585,,
"3","Persons","TT","All ages","1","New South Wales","SA2","Statistical Area Level 2","127031601","Warwick Farm","2016","2016",5799,,
"3","Persons","TT","All ages","1","New South Wales","SA2","Statistical Area Level 2","128011529","Gymea - Grays Point","2016","2016",17473,,
"3","Persons","TT","All ages","1","New South Wales","SA2","Statistical Area Level 2","128011530","Miranda - Yowie Bay","2016","2016",18234,,
"3","Persons","TT","All ages","1","New South Wales","SA2","Statistical Area Level 2","128011531","Sylvania - Taren Point","2016","2016",15939,,
"3","Persons","TT","All ages","1","New South Wales","SA2","Statistical Area Level 2","128011602","Caringbah","2016","2016",11766,,
"3","Persons","TT","All ages","1","New South Wales","SA2","Statistical Area Level 2","128011603","Caringbah South","2016","2016",12061,,
"3","Persons","TT","All ages","1","New South Wales","SA2","Statistical Area Level 2","128011604","Cronulla - Kurnell - Bundeena","2016","2016",23491,,
"3","Persons","TT","All ages","1","New South Wales","SA2","Statistical Area Level 2","128011605","Lilli Pilli - Port Hacking - Dolans Bay","2016","2016",3148,,
"3","Persons","TT","All ages","1","New South Wales","SA2","Statistical Area Level 2","128011606","Woolaware - Burraneer","2016","2016",7730,,
"3","Persons","TT","All ages","1","New South Wales","SA2","Statistical Area Level 2","128021533","Heathcote - Waterfall","2016","2016",6505,,
"3","Persons","TT","All ages","1","New South Wales","SA2","Statistical Area Level 2","128021534","Illawong - Alfords Point","2016","2016",10363,,
"3","Persons","TT","All ages","1","New South Wales","SA2","Statistical Area Level 2","128021535","Menai - Lucas Heights - Woronora","2016","2016",21129,,
"3","Persons","TT","All ages","1","New South Wales","SA2","Statistical Area Level 2","128021536","Oyster Bay - Como - Jannali","2016","2016",21254,,
"3","Persons","TT","All ages","1","New South Wales","SA2","Statistical Area Level 2","128021537","Royal National Park","2016","2016",27,,
"3","Persons","TT","All ages","1","New South Wales","SA2","Statistical Area Level 2","128021538","Sutherland - Kirrawee","2016","2016",20868,,
"3","Persons","TT","All ages","1","New South Wales","SA2","Statistical Area Level 2","128021607","Engadine","2016","2016",16993,,
"3","Persons","TT","All ages","1","New South Wales","SA2","Statistical Area Level 2","128021608","Loftus - Yarrawarrah","2016","2016",7246,,
"3","Persons","TT","All ages","1","New South Wales","SA2","Statistical Area Level 2","128021609","Woronora Heights","2016","2016",3652,,
"3","Persons","TT","All ages","1","New South Wales","SA2","Statistical Area Level 2","101021007","Braidwood","2016","2016",3872,,
"3","Persons","TT","All ages","1","New South Wales","SA2","Statistical Area Level 2","101021008","Karabar","2016","2016",8247,,
"3","Persons","TT","All ages","1","New South Wales","SA2","Statistical Area Level 2","101021009","Queanbeyan","2016","2016",10842,,
"3","Persons","TT","All ages","1","New South Wales","SA2","Statistical Area Level 2","101021010","Queanbeyan - East","2016","2016",4786,,
"3","Persons","TT","All ages","1","New South Wales","SA2","Statistical Area Level 2","101021011","Queanbeyan Region","2016","2016",16946,,
"3","Persons","TT","All ages","1","New South Wales","SA2","Statistical Area Level 2","101021012","Queanbeyan West - Jerrabomberra","2016","2016",12643,,
"3","Persons","TT","All ages","1","New South Wales","SA2","Statistical Area Level 2","101031013","Bombala","2016","2016",2390,,
"3","Persons","TT","All ages","1","New South Wales","SA2","Statistical Area Level 2","101031014","Cooma","2016","2016",6742,,
"3","Persons","TT","All ages","1","New South Wales","SA2","Statistical Area Level 2","101031015","Cooma Region","2016","2016",3280,,
"3","Persons","TT","All ages","1","New South Wales","SA2","Statistical Area Level 2","101031016","Jindabyne - Berridale","2016","2016",6951,,
"3","Persons","TT","All ages","1","New South Wales","SA2","Statistical Area Level 2","101041017","Batemans Bay","2016","2016",7692,,
"3","Persons","TT","All ages","1","New South Wales","SA2","Statistical Area Level 2","101041018","Batemans Bay - South","2016","2016",8358,,
"3","Persons","TT","All ages","1","New South Wales","SA2","Statistical Area Level 2","101041019","Bega - Tathra","2016","2016",8405,,
"3","Persons","TT","All ages","1","New South Wales","SA2","Statistical Area Level 2","101041020","Bega-Eden Hinterland","2016","2016",8793,,
"3","Persons","TT","All ages","1","New South Wales","SA2","Statistical Area Level 2","101041021","Broulee - Tomakin","2016","2016",3285,,
"3","Persons","TT","All ages","1","New South Wales","SA2","Statistical Area Level 2","101041022","Deua - Wadbilliga","2016","2016",25,,
"3","Persons","TT","All ages","1","New South Wales","SA2","Statistical Area Level 2","101041023","Eden","2016","2016",3216,,
"3","Persons","TT","All ages","1","New South Wales","SA2","Statistical Area Level 2","101041024","Eurobodalla Hinterland","2016","2016",3301,,
"3","Persons","TT","All ages","1","New South Wales","SA2","Statistical Area Level 2","101041025","Merimbula - Tura Beach","2016","2016",10618,,
"3","Persons","TT","All ages","1","New South Wales","SA2","Statistical Area Level 2","101041026","Moruya - Tuross Head","2016","2016",7968,,
"3","Persons","TT","All ages","1","New South Wales","SA2","Statistical Area Level 2","101041027","Narooma - Bermagui","2016","2016",8978,,
"3","Persons","TT","All ages","1","New South Wales","SA2","Statistical Area Level 2","101051539","Goulburn","2016","2016",22890,,
"3","Persons","TT","All ages","1","New South Wales","SA2","Statistical Area Level 2","101051540","Goulburn Region","2016","2016",12670,,
"3","Persons","TT","All ages","1","New South Wales","SA2","Statistical Area Level 2","101061541","Yass","2016","2016",6506,,
"3","Persons","TT","All ages","1","New South Wales","SA2","Statistical Area Level 2","101061542","Yass Region","2016","2016",11505,,
"3","Persons","TT","All ages","1","New South Wales","SA2","Statistical Area Level 2","101061543","Young","2016","2016",10601,,
"3","Persons","TT","All ages","1","New South Wales","SA2","Statistical Area Level 2","101061544","Young Region","2016","2016",7323,,
"3","Persons","TT","All ages","1","New South Wales","SA2","Statistical Area Level 2","103011058","Bathurst","2016","2016",23833,,
"3","Persons","TT","All ages","1","New South Wales","SA2","Statistical Area Level 2","103011059","Bathurst - East","2016","2016",11189,,
"3","Persons","TT","All ages","1","New South Wales","SA2","Statistical Area Level 2","103011060","Bathurst Region","2016","2016",6910,,
"3","Persons","TT","All ages","1","New South Wales","SA2","Statistical Area Level 2","103011061","Oberon","2016","2016",4662,,
"3","Persons","TT","All ages","1","New South Wales","SA2","Statistical Area Level 2","103021062","Condobolin","2016","2016",6630,,
"3","Persons","TT","All ages","1","New South Wales","SA2","Statistical Area Level 2","103021063","Cowra","2016","2016",9146,,
"3","Persons","TT","All ages","1","New South Wales","SA2","Statistical Area Level 2","103021064","Cowra Region","2016","2016",5447,,
"3","Persons","TT","All ages","1","New South Wales","SA2","Statistical Area Level 2","103021065","Forbes","2016","2016",10165,,
"3","Persons","TT","All ages","1","New South Wales","SA2","Statistical Area Level 2","103021066","Grenfell","2016","2016",3652,,
"3","Persons","TT","All ages","1","New South Wales","SA2","Statistical Area Level 2","103021067","Parkes (NSW)","2016","2016",10977,,
"3","Persons","TT","All ages","1","New South Wales","SA2","Statistical Area Level 2","103021068","Parkes Region","2016","2016",3390,,
"3","Persons","TT","All ages","1","New South Wales","SA2","Statistical Area Level 2","103021069","West Wyalong","2016","2016",5926,,
"3","Persons","TT","All ages","1","New South Wales","SA2","Statistical Area Level 2","103031070","Lithgow","2016","2016",12818,,
"3","Persons","TT","All ages","1","New South Wales","SA2","Statistical Area Level 2","103031071","Lithgow Region","2016","2016",8262,,
"3","Persons","TT","All ages","1","New South Wales","SA2","Statistical Area Level 2","103031072","Mudgee","2016","2016",11728,,
"3","Persons","TT","All ages","1","New South Wales","SA2","Statistical Area Level 2","103031073","Mudgee Region - East","2016","2016",3444,,
"3","Persons","TT","All ages","1","New South Wales","SA2","Statistical Area Level 2","103031074","Mudgee Region - West","2016","2016",10359,,
"3","Persons","TT","All ages","1","New South Wales","SA2","Statistical Area Level 2","103031075","Wollangambe - Wollemi","2016","2016",0,,
"3","Persons","TT","All ages","1","New South Wales","SA2","Statistical Area Level 2","103041076","Blayney","2016","2016",7271,,
"3","Persons","TT","All ages","1","New South Wales","SA2","Statistical Area Level 2","103041077","Orange","2016","2016",19009,,
"3","Persons","TT","All ages","1","New South Wales","SA2","Statistical Area Level 2","103041078","Orange - North","2016","2016",19728,,
"3","Persons","TT","All ages","1","New South Wales","SA2","Statistical Area Level 2","103041079","Orange Region","2016","2016",11603,,
"3","Persons","TT","All ages","1","New South Wales","SA2","Statistical Area Level 2","104011080","Grafton","2016","2016",18668,,
"3","Persons","TT","All ages","1","New South Wales","SA2","Statistical Area Level 2","104011081","Grafton Region","2016","2016",15311,,
"3","Persons","TT","All ages","1","New South Wales","SA2","Statistical Area Level 2","104011082","Maclean - Yamba - Iluka","2016","2016",16279,,
"3","Persons","TT","All ages","1","New South Wales","SA2","Statistical Area Level 2","104021083","Bellingen","2016","2016",5807,,
"3","Persons","TT","All ages","1","New South Wales","SA2","Statistical Area Level 2","104021084","Coffs Harbour - North","2016","2016",17462,,
"3","Persons","TT","All ages","1","New South Wales","SA2","Statistical Area Level 2","104021085","Coffs Harbour - South","2016","2016",10295,,
"3","Persons","TT","All ages","1","New South Wales","SA2","Statistical Area Level 2","104021086","Coramba - Nana Glen - Bucca","2016","2016",3820,,
"3","Persons","TT","All ages","1","New South Wales","SA2","Statistical Area Level 2","104021087","Dorrigo","2016","2016",3243,,
"3","Persons","TT","All ages","1","New South Wales","SA2","Statistical Area Level 2","104021088","Korora - Emerald Beach","2016","2016",8737,,
"3","Persons","TT","All ages","1","New South Wales","SA2","Statistical Area Level 2","104021089","Sawtell - Boambee","2016","2016",19477,,
"3","Persons","TT","All ages","1","New South Wales","SA2","Statistical Area Level 2","104021090","Urunga","2016","2016",4666,,
"3","Persons","TT","All ages","1","New South Wales","SA2","Statistical Area Level 2","104021091","Woolgoolga - Arrawarra","2016","2016",12523,,
"3","Persons","TT","All ages","1","New South Wales","SA2","Statistical Area Level 2","105011092","Bourke - Brewarrina","2016","2016",4002,,
"3","Persons","TT","All ages","1","New South Wales","SA2","Statistical Area Level 2","105011093","Cobar","2016","2016",4657,,
"3","Persons","TT","All ages","1","New South Wales","SA2","Statistical Area Level 2","105011094","Coonamble","2016","2016",4113,,
"3","Persons","TT","All ages","1","New South Wales","SA2","Statistical Area Level 2","105011095","Nyngan - Warren","2016","2016",4969,,
"3","Persons","TT","All ages","1","New South Wales","SA2","Statistical Area Level 2","105011096","Walgett - Lightning Ridge","2016","2016",6412,,
"3","Persons","TT","All ages","1","New South Wales","SA2","Statistical Area Level 2","105021097","Broken Hill","2016","2016",17708,,
"3","Persons","TT","All ages","1","New South Wales","SA2","Statistical Area Level 2","105021098","Far West","2016","2016",2507,,
"3","Persons","TT","All ages","1","New South Wales","SA2","Statistical Area Level 2","105031099","Coonabarabran","2016","2016",7950,,
"3","Persons","TT","All ages","1","New South Wales","SA2","Statistical Area Level 2","105031100","Dubbo - East","2016","2016",10378,,
"3","Persons","TT","All ages","1","New South Wales","SA2","Statistical Area Level 2","105031101","Dubbo - South","2016","2016",16942,,
"3","Persons","TT","All ages","1","New South Wales","SA2","Statistical Area Level 2","105031102","Dubbo - West","2016","2016",8768,,
"3","Persons","TT","All ages","1","New South Wales","SA2","Statistical Area Level 2","105031103","Dubbo Region","2016","2016",5625,,
"3","Persons","TT","All ages","1","New South Wales","SA2","Statistical Area Level 2","105031104","Gilgandra","2016","2016",4373,,
"3","Persons","TT","All ages","1","New South Wales","SA2","Statistical Area Level 2","105031105","Narromine","2016","2016",6535,,
"3","Persons","TT","All ages","1","New South Wales","SA2","Statistical Area Level 2","105031106","Wellington","2016","2016",8831,,
"3","Persons","TT","All ages","1","New South Wales","SA2","Statistical Area Level 2","106011107","Branxton - Greta - Pokolbin","2016","2016",10125,,
"3","Persons","TT","All ages","1","New South Wales","SA2","Statistical Area Level 2","106011108","Cessnock","2016","2016",21994,,
"3","Persons","TT","All ages","1","New South Wales","SA2","Statistical Area Level 2","106011109","Cessnock Region","2016","2016",7931,,
"3","Persons","TT","All ages","1","New South Wales","SA2","Statistical Area Level 2","106011110","Dungog","2016","2016",8975,,
"3","Persons","TT","All ages","1","New South Wales","SA2","Statistical Area Level 2","106011111","Kurri Kurri - Abermain","2016","2016",17638,,
"3","Persons","TT","All ages","1","New South Wales","SA2","Statistical Area Level 2","106011112","Singleton","2016","2016",16089,,
"3","Persons","TT","All ages","1","New South Wales","SA2","Statistical Area Level 2","106011113","Singleton Region","2016","2016",4919,,
"3","Persons","TT","All ages","1","New South Wales","SA2","Statistical Area Level 2","106021114","Maitland","2016","2016",6603,,
"3","Persons","TT","All ages","1","New South Wales","SA2","Statistical Area Level 2","106021115","Maitland - East","2016","2016",27416,,
"3","Persons","TT","All ages","1","New South Wales","SA2","Statistical Area Level 2","106021116","Maitland - North","2016","2016",7617,,
"3","Persons","TT","All ages","1","New South Wales","SA2","Statistical Area Level 2","106021117","Maitland - West","2016","2016",22527,,
"3","Persons","TT","All ages","1","New South Wales","SA2","Statistical Area Level 2","106021118","Thornton - Millers Forest","2016","2016",10007,,
"3","Persons","TT","All ages","1","New South Wales","SA2","Statistical Area Level 2","106031119","Anna Bay","2016","2016",5729,,
"3","Persons","TT","All ages","1","New South Wales","SA2","Statistical Area Level 2","106031120","Lemon Tree Passage - Tanilba Bay","2016","2016",6684,,
"3","Persons","TT","All ages","1","New South Wales","SA2","Statistical Area Level 2","106031121","Nelson Bay Peninsula","2016","2016",21019,,
"3","Persons","TT","All ages","1","New South Wales","SA2","Statistical Area Level 2","106031122","Raymond Terrace","2016","2016",13823,,
"3","Persons","TT","All ages","1","New South Wales","SA2","Statistical Area Level 2","106031123","Seaham - Woodville","2016","2016",5415,,
"3","Persons","TT","All ages","1","New South Wales","SA2","Statistical Area Level 2","106031124","Tea Gardens - Hawks Nest","2016","2016",5037,,
"3","Persons","TT","All ages","1","New South Wales","SA2","Statistical Area Level 2","106031125","Williamtown - Medowie - Karuah","2016","2016",13669,,
"3","Persons","TT","All ages","1","New South Wales","SA2","Statistical Area Level 2","106041126","Muswellbrook","2016","2016",12075,,
"3","Persons","TT","All ages","1","New South Wales","SA2","Statistical Area Level 2","106041127","Muswellbrook Region","2016","2016",4014,,
"3","Persons","TT","All ages","1","New South Wales","SA2","Statistical Area Level 2","106041128","Scone","2016","2016",5827,,
"3","Persons","TT","All ages","1","New South Wales","SA2","Statistical Area Level 2","106041129","Scone Region","2016","2016",8284,,
"3","Persons","TT","All ages","1","New South Wales","SA2","Statistical Area Level 2","107011131","Dapto - Avondale","2016","2016",23458,,
"3","Persons","TT","All ages","1","New South Wales","SA2","Statistical Area Level 2","107011132","Horsley - Kembla Grange","2016","2016",8659,,
"3","Persons","TT","All ages","1","New South Wales","SA2","Statistical Area Level 2","107011133","Port Kembla Industrial","2016","2016",10,,
"3","Persons","TT","All ages","1","New South Wales","SA2","Statistical Area Level 2","107011134","Unanderra - Mount Kembla","2016","2016",15378,,
"3","Persons","TT","All ages","1","New South Wales","SA2","Statistical Area Level 2","107011545","Berkeley - Lake Heights - Cringila","2016","2016",13801,,
"3","Persons","TT","All ages","1","New South Wales","SA2","Statistical Area Level 2","107011546","Port Kembla - Warrawong","2016","2016",9749,,
"3","Persons","TT","All ages","1","New South Wales","SA2","Statistical Area Level 2","107011547","Windang - Primbee","2016","2016",4300,,
"3","Persons","TT","All ages","1","New South Wales","SA2","Statistical Area Level 2","107021135","Illawarra Catchment Reserve","2016","2016",8,,
"3","Persons","TT","All ages","1","New South Wales","SA2","Statistical Area Level 2","107031136","Albion Park - Macquarie Pass","2016","2016",14337,,
"3","Persons","TT","All ages","1","New South Wales","SA2","Statistical Area Level 2","107031137","Albion Park Rail","2016","2016",6918,,
"3","Persons","TT","All ages","1","New South Wales","SA2","Statistical Area Level 2","107031138","Kiama","2016","2016",7700,,
"3","Persons","TT","All ages","1","New South Wales","SA2","Statistical Area Level 2","107031139","Kiama Downs - Minnamurra","2016","2016",5875,,
"3","Persons","TT","All ages","1","New South Wales","SA2","Statistical Area Level 2","107031140","Kiama Hinterland - Gerringong","2016","2016",7808,,
"3","Persons","TT","All ages","1","New South Wales","SA2","Statistical Area Level 2","107031141","Shellharbour - Flinders","2016","2016",16826,,
"3","Persons","TT","All ages","1","New South Wales","SA2","Statistical Area Level 2","107031142","Shellharbour - Oak Flats","2016","2016",9957,,
"3","Persons","TT","All ages","1","New South Wales","SA2","Statistical Area Level 2","107031143","Warilla","2016","2016",20421,,
"3","Persons","TT","All ages","1","New South Wales","SA2","Statistical Area Level 2","107041144","Balgownie - Fairy Meadow","2016","2016",21196,,
"3","Persons","TT","All ages","1","New South Wales","SA2","Statistical Area Level 2","107041145","Corrimal - Tarrawanna - Bellambi","2016","2016",15424,,
"3","Persons","TT","All ages","1","New South Wales","SA2","Statistical Area Level 2","107041146","Figtree - Keiraville","2016","2016",21080,,
"3","Persons","TT","All ages","1","New South Wales","SA2","Statistical Area Level 2","107041147","Helensburgh","2016","2016",8789,,
"3","Persons","TT","All ages","1","New South Wales","SA2","Statistical Area Level 2","107041148","Thirroul - Austinmer - Coalcliff","2016","2016",11305,,
"3","Persons","TT","All ages","1","New South Wales","SA2","Statistical Area Level 2","107041150","Woonona - Bulli - Russell Vale","2016","2016",19838,,
"3","Persons","TT","All ages","1","New South Wales","SA2","Statistical Area Level 2","107041548","Wollongong - East","2016","2016",13967,,
"3","Persons","TT","All ages","1","New South Wales","SA2","Statistical Area Level 2","107041549","Wollongong - West","2016","2016",16702,,
"3","Persons","TT","All ages","1","New South Wales","SA2","Statistical Area Level 2","108011151","Bulahdelah - Stroud","2016","2016",4723,,
"3","Persons","TT","All ages","1","New South Wales","SA2","Statistical Area Level 2","108011152","Forster","2016","2016",14267,,
"3","Persons","TT","All ages","1","New South Wales","SA2","Statistical Area Level 2","108011153","Forster-Tuncurry Region","2016","2016",6087,,
"3","Persons","TT","All ages","1","New South Wales","SA2","Statistical Area Level 2","108011154","Tuncurry","2016","2016",6186,,
"3","Persons","TT","All ages","1","New South Wales","SA2","Statistical Area Level 2","108021155","Kempsey","2016","2016",14754,,
"3","Persons","TT","All ages","1","New South Wales","SA2","Statistical Area Level 2","108021156","Kempsey Region","2016","2016",9025,,
"3","Persons","TT","All ages","1","New South Wales","SA2","Statistical Area Level 2","108021157","Macksville - Scotts Head","2016","2016",4793,,
"3","Persons","TT","All ages","1","New South Wales","SA2","Statistical Area Level 2","108021158","Nambucca Heads","2016","2016",6750,,
"3","Persons","TT","All ages","1","New South Wales","SA2","Statistical Area Level 2","108021159","Nambucca Heads Region","2016","2016",7661,,
"3","Persons","TT","All ages","1","New South Wales","SA2","Statistical Area Level 2","108021160","South West Rocks","2016","2016",5133,,
"3","Persons","TT","All ages","1","New South Wales","SA2","Statistical Area Level 2","108031161","Lord Howe Island","2016","2016",382,,
"3","Persons","TT","All ages","1","New South Wales","SA2","Statistical Area Level 2","108041162","Laurieton - Bonny Hills","2016","2016",16746,,
"3","Persons","TT","All ages","1","New South Wales","SA2","Statistical Area Level 2","108041163","Port Macquarie - East","2016","2016",28050,,
"3","Persons","TT","All ages","1","New South Wales","SA2","Statistical Area Level 2","108041164","Port Macquarie - West","2016","2016",17329,,
"3","Persons","TT","All ages","1","New South Wales","SA2","Statistical Area Level 2","108041165","Port Macquarie Region","2016","2016",5297,,
"3","Persons","TT","All ages","1","New South Wales","SA2","Statistical Area Level 2","108041166","Wauchope","2016","2016",11151,,
"3","Persons","TT","All ages","1","New South Wales","SA2","Statistical Area Level 2","108051167","Gloucester","2016","2016",5034,,
"3","Persons","TT","All ages","1","New South Wales","SA2","Statistical Area Level 2","108051168","Old Bar - Manning Point - Red Head","2016","2016",10537,,
"3","Persons","TT","All ages","1","New South Wales","SA2","Statistical Area Level 2","108051169","Taree","2016","2016",20482,,
"3","Persons","TT","All ages","1","New South Wales","SA2","Statistical Area Level 2","108051170","Taree Region","2016","2016",12438,,
"3","Persons","TT","All ages","1","New South Wales","SA2","Statistical Area Level 2","108051171","Wingham","2016","2016",5374,,
"3","Persons","TT","All ages","1","New South Wales","SA2","Statistical Area Level 2","109011172","Albury - East","2016","2016",15048,,
"3","Persons","TT","All ages","1","New South Wales","SA2","Statistical Area Level 2","109011173","Albury - North","2016","2016",9844,,
"3","Persons","TT","All ages","1","New South Wales","SA2","Statistical Area Level 2","109011174","Albury - South","2016","2016",10301,,
"3","Persons","TT","All ages","1","New South Wales","SA2","Statistical Area Level 2","109011175","Albury Region","2016","2016",11608,,
"3","Persons","TT","All ages","1","New South Wales","SA2","Statistical Area Level 2","109011176","Lavington","2016","2016",14468,,
"3","Persons","TT","All ages","1","New South Wales","SA2","Statistical Area Level 2","109021177","Hay","2016","2016",2969,,
"3","Persons","TT","All ages","1","New South Wales","SA2","Statistical Area Level 2","109021178","Wentworth - Buronga","2016","2016",5967,,
"3","Persons","TT","All ages","1","New South Wales","SA2","Statistical Area Level 2","109021179","Wentworth-Balranald Region","2016","2016",3614,,
"3","Persons","TT","All ages","1","New South Wales","SA2","Statistical Area Level 2","109031180","Corowa","2016","2016",5482,,
"3","Persons","TT","All ages","1","New South Wales","SA2","Statistical Area Level 2","109031181","Corowa Region","2016","2016",6736,,
"3","Persons","TT","All ages","1","New South Wales","SA2","Statistical Area Level 2","109031182","Deniliquin","2016","2016",7434,,
"3","Persons","TT","All ages","1","New South Wales","SA2","Statistical Area Level 2","109031183","Deniliquin Region","2016","2016",6752,,
"3","Persons","TT","All ages","1","New South Wales","SA2","Statistical Area Level 2","109031184","Moama","2016","2016",5849,,
"3","Persons","TT","All ages","1","New South Wales","SA2","Statistical Area Level 2","109031185","Tocumwal - Finley - Jerilderie","2016","2016",9728,,
"3","Persons","TT","All ages","1","New South Wales","SA2","Statistical Area Level 2","110011186","Armidale","2016","2016",23352,,
"3","Persons","TT","All ages","1","New South Wales","SA2","Statistical Area Level 2","110011187","Armidale Region - North","2016","2016",4488,,
"3","Persons","TT","All ages","1","New South Wales","SA2","Statistical Area Level 2","110011188","Armidale Region - South","2016","2016",6021,,
"3","Persons","TT","All ages","1","New South Wales","SA2","Statistical Area Level 2","110011189","Walcha","2016","2016",3224,,
"3","Persons","TT","All ages","1","New South Wales","SA2","Statistical Area Level 2","110021190","Glen Innes","2016","2016",8836,,
"3","Persons","TT","All ages","1","New South Wales","SA2","Statistical Area Level 2","110021191","Inverell","2016","2016",11660,,
"3","Persons","TT","All ages","1","New South Wales","SA2","Statistical Area Level 2","110021192","Inverell Region - East","2016","2016",5241,,
"3","Persons","TT","All ages","1","New South Wales","SA2","Statistical Area Level 2","110021193","Inverell Region - West","2016","2016",5988,,
"3","Persons","TT","All ages","1","New South Wales","SA2","Statistical Area Level 2","110021194","Tenterfield","2016","2016",6628,,
"3","Persons","TT","All ages","1","New South Wales","SA2","Statistical Area Level 2","110031195","Moree","2016","2016",8200,,
"3","Persons","TT","All ages","1","New South Wales","SA2","Statistical Area Level 2","110031196","Moree Region","2016","2016",5451,,
"3","Persons","TT","All ages","1","New South Wales","SA2","Statistical Area Level 2","110031197","Narrabri","2016","2016",7167,,
"3","Persons","TT","All ages","1","New South Wales","SA2","Statistical Area Level 2","110031198","Narrabri Region","2016","2016",4798,,
"3","Persons","TT","All ages","1","New South Wales","SA2","Statistical Area Level 2","110041199","Gunnedah","2016","2016",9191,,
"3","Persons","TT","All ages","1","New South Wales","SA2","Statistical Area Level 2","110041200","Gunnedah Region","2016","2016",4135,,
"3","Persons","TT","All ages","1","New South Wales","SA2","Statistical Area Level 2","110041201","Quirindi","2016","2016",7686,,
"3","Persons","TT","All ages","1","New South Wales","SA2","Statistical Area Level 2","110041202","Tamworth - East","2016","2016",20370,,
"3","Persons","TT","All ages","1","New South Wales","SA2","Statistical Area Level 2","110041203","Tamworth - North","2016","2016",15076,,
"3","Persons","TT","All ages","1","New South Wales","SA2","Statistical Area Level 2","110041204","Tamworth - West","2016","2016",5560,,
"3","Persons","TT","All ages","1","New South Wales","SA2","Statistical Area Level 2","110041205","Tamworth Region","2016","2016",18474,,
"3","Persons","TT","All ages","1","New South Wales","SA2","Statistical Area Level 2","111011206","Belmont - Bennetts Green","2016","2016",17724,,
"3","Persons","TT","All ages","1","New South Wales","SA2","Statistical Area Level 2","111011207","Belmont South - Blacksmiths","2016","2016",5606,,
"3","Persons","TT","All ages","1","New South Wales","SA2","Statistical Area Level 2","111011208","Charlestown - Dudley","2016","2016",23965,,
"3","Persons","TT","All ages","1","New South Wales","SA2","Statistical Area Level 2","111011209","Glendale - Cardiff - Hillsborough","2016","2016",23389,,
"3","Persons","TT","All ages","1","New South Wales","SA2","Statistical Area Level 2","111011210","Mount Hutton - Windale","2016","2016",8900,,
"3","Persons","TT","All ages","1","New South Wales","SA2","Statistical Area Level 2","111011211","Redhead","2016","2016",3516,,
"3","Persons","TT","All ages","1","New South Wales","SA2","Statistical Area Level 2","111011212","Swansea - Caves Beach","2016","2016",11551,,
"3","Persons","TT","All ages","1","New South Wales","SA2","Statistical Area Level 2","111011213","Valentine - Eleebana","2016","2016",11995,,
"3","Persons","TT","All ages","1","New South Wales","SA2","Statistical Area Level 2","111011214","Warners Bay - Boolaroo","2016","2016",13365,,
"3","Persons","TT","All ages","1","New South Wales","SA2","Statistical Area Level 2","111021215","Bolton Point - Teralba","2016","2016",8527,,
"3","Persons","TT","All ages","1","New South Wales","SA2","Statistical Area Level 2","111021216","Bonnells Bay - Silverwater","2016","2016",8717,,
"3","Persons","TT","All ages","1","New South Wales","SA2","Statistical Area Level 2","111021217","Edgeworth - Cameron Park","2016","2016",14200,,
"3","Persons","TT","All ages","1","New South Wales","SA2","Statistical Area Level 2","111021218","Morisset - Cooranbong","2016","2016",14959,,
"3","Persons","TT","All ages","1","New South Wales","SA2","Statistical Area Level 2","111021219","Toronto - Awaba","2016","2016",13425,,
"3","Persons","TT","All ages","1","New South Wales","SA2","Statistical Area Level 2","111021220","Wangi Wangi - Rathmines","2016","2016",8893,,
"3","Persons","TT","All ages","1","New South Wales","SA2","Statistical Area Level 2","111021221","West Wallsend - Barnsley - Killingworth","2016","2016",6479,,
"3","Persons","TT","All ages","1","New South Wales","SA2","Statistical Area Level 2","111031222","Adamstown - Kotara","2016","2016",15601,,
"3","Persons","TT","All ages","1","New South Wales","SA2","Statistical Area Level 2","111031223","Beresfield - Hexham","2016","2016",8360,,
"3","Persons","TT","All ages","1","New South Wales","SA2","Statistical Area Level 2","111031224","Hamilton - Broadmeadow","2016","2016",11848,,
"3","Persons","TT","All ages","1","New South Wales","SA2","Statistical Area Level 2","111031225","Lambton - New Lambton","2016","2016",16519,,
"3","Persons","TT","All ages","1","New South Wales","SA2","Statistical Area Level 2","111031226","Maryland - Fletcher - Minmi","2016","2016",13566,,
"3","Persons","TT","All ages","1","New South Wales","SA2","Statistical Area Level 2","111031227","Mayfield - Warabrook","2016","2016",14874,,
"3","Persons","TT","All ages","1","New South Wales","SA2","Statistical Area Level 2","111031228","Merewether - The Junction","2016","2016",13617,,
"3","Persons","TT","All ages","1","New South Wales","SA2","Statistical Area Level 2","111031229","Newcastle - Cooks Hill","2016","2016",10764,,
"3","Persons","TT","All ages","1","New South Wales","SA2","Statistical Area Level 2","111031230","Newcastle Port - Kooragang","2016","2016",20,,
"3","Persons","TT","All ages","1","New South Wales","SA2","Statistical Area Level 2","111031231","Shortland - Jesmond","2016","2016",11541,,
"3","Persons","TT","All ages","1","New South Wales","SA2","Statistical Area Level 2","111031232","Stockton - Fullerton Cove","2016","2016",7496,,
"3","Persons","TT","All ages","1","New South Wales","SA2","Statistical Area Level 2","111031233","Wallsend - Elermore Vale","2016","2016",19629,,
"3","Persons","TT","All ages","1","New South Wales","SA2","Statistical Area Level 2","111031234","Waratah - North Lambton","2016","2016",12059,,
"3","Persons","TT","All ages","1","New South Wales","SA2","Statistical Area Level 2","111031235","Wickham - Carrington - Tighes Hill","2016","2016",8004,,
"3","Persons","TT","All ages","1","New South Wales","SA2","Statistical Area Level 2","112011236","Ballina","2016","2016",17111,,
"3","Persons","TT","All ages","1","New South Wales","SA2","Statistical Area Level 2","112011237","Ballina Region","2016","2016",16832,,
"3","Persons","TT","All ages","1","New South Wales","SA2","Statistical Area Level 2","112011238","Bangalow","2016","2016",5665,,
"3","Persons","TT","All ages","1","New South Wales","SA2","Statistical Area Level 2","112011239","Brunswick Heads - Ocean Shores","2016","2016",8212,,
"3","Persons","TT","All ages","1","New South Wales","SA2","Statistical Area Level 2","112011240","Byron Bay","2016","2016",9502,,
"3","Persons","TT","All ages","1","New South Wales","SA2","Statistical Area Level 2","112011241","Evans Head","2016","2016",5221,,
"3","Persons","TT","All ages","1","New South Wales","SA2","Statistical Area Level 2","112011242","Lennox Head - Skennars Head","2016","2016",7741,,
"3","Persons","TT","All ages","1","New South Wales","SA2","Statistical Area Level 2","112011243","Mullumbimby","2016","2016",7993,,
"3","Persons","TT","All ages","1","New South Wales","SA2","Statistical Area Level 2","112021244","Casino","2016","2016",12227,,
"3","Persons","TT","All ages","1","New South Wales","SA2","Statistical Area Level 2","112021245","Casino Region","2016","2016",6971,,
"3","Persons","TT","All ages","1","New South Wales","SA2","Statistical Area Level 2","112021246","Goonellabah","2016","2016",13126,,
"3","Persons","TT","All ages","1","New South Wales","SA2","Statistical Area Level 2","112021247","Kyogle","2016","2016",7312,,
"3","Persons","TT","All ages","1","New South Wales","SA2","Statistical Area Level 2","112021248","Lismore","2016","2016",15280,,
"3","Persons","TT","All ages","1","New South Wales","SA2","Statistical Area Level 2","112021249","Lismore Region","2016","2016",15025,,
"3","Persons","TT","All ages","1","New South Wales","SA2","Statistical Area Level 2","112031250","Kingscliff - Fingal Head","2016","2016",13156,,
"3","Persons","TT","All ages","1","New South Wales","SA2","Statistical Area Level 2","112031251","Murwillumbah","2016","2016",8944,,
"3","Persons","TT","All ages","1","New South Wales","SA2","Statistical Area Level 2","112031252","Murwillumbah Region","2016","2016",9654,,
"3","Persons","TT","All ages","1","New South Wales","SA2","Statistical Area Level 2","112031253","Pottsville","2016","2016",13182,,
"3","Persons","TT","All ages","1","New South Wales","SA2","Statistical Area Level 2","112031254","Tweed Heads","2016","2016",19417,,
"3","Persons","TT","All ages","1","New South Wales","SA2","Statistical Area Level 2","112031550","Banora Point","2016","2016",15635,,
"3","Persons","TT","All ages","1","New South Wales","SA2","Statistical Area Level 2","112031551","Terranora - North Tumblegum","2016","2016",3244,,
"3","Persons","TT","All ages","1","New South Wales","SA2","Statistical Area Level 2","112031552","Tweed Heads South","2016","2016",8147,,
"3","Persons","TT","All ages","1","New South Wales","SA2","Statistical Area Level 2","113011256","Griffith (NSW)","2016","2016",19144,,
"3","Persons","TT","All ages","1","New South Wales","SA2","Statistical Area Level 2","113011257","Griffith Region","2016","2016",12879,,
"3","Persons","TT","All ages","1","New South Wales","SA2","Statistical Area Level 2","113011258","Leeton","2016","2016",10091,,
"3","Persons","TT","All ages","1","New South Wales","SA2","Statistical Area Level 2","113011259","Narrandera","2016","2016",6036,,
"3","Persons","TT","All ages","1","New South Wales","SA2","Statistical Area Level 2","113021260","Tumbarumba","2016","2016",3449,,
"3","Persons","TT","All ages","1","New South Wales","SA2","Statistical Area Level 2","113021261","Tumut","2016","2016",6275,,
"3","Persons","TT","All ages","1","New South Wales","SA2","Statistical Area Level 2","113021262","Tumut Region","2016","2016",4715,,
"3","Persons","TT","All ages","1","New South Wales","SA2","Statistical Area Level 2","113031263","Cootamundra","2016","2016",7570,,
"3","Persons","TT","All ages","1","New South Wales","SA2","Statistical Area Level 2","113031264","Gundagai","2016","2016",3597,,
"3","Persons","TT","All ages","1","New South Wales","SA2","Statistical Area Level 2","113031265","Junee","2016","2016",6245,,
"3","Persons","TT","All ages","1","New South Wales","SA2","Statistical Area Level 2","113031266","Temora","2016","2016",6718,,
"3","Persons","TT","All ages","1","New South Wales","SA2","Statistical Area Level 2","113031267","Wagga Wagga - East","2016","2016",16585,,
"3","Persons","TT","All ages","1","New South Wales","SA2","Statistical Area Level 2","113031268","Wagga Wagga - North","2016","2016",4405,,
"3","Persons","TT","All ages","1","New South Wales","SA2","Statistical Area Level 2","113031269","Wagga Wagga - South","2016","2016",21266,,
"3","Persons","TT","All ages","1","New South Wales","SA2","Statistical Area Level 2","113031270","Wagga Wagga - West","2016","2016",12157,,
"3","Persons","TT","All ages","1","New South Wales","SA2","Statistical Area Level 2","113031271","Wagga Wagga Region","2016","2016",14814,,
"3","Persons","TT","All ages","1","New South Wales","SA2","Statistical Area Level 2","114011272","Berry - Kangaroo Valley","2016","2016",8789,,
"3","Persons","TT","All ages","1","New South Wales","SA2","Statistical Area Level 2","114011273","Callala Bay - Currarong","2016","2016",3617,,
"3","Persons","TT","All ages","1","New South Wales","SA2","Statistical Area Level 2","114011274","Culburra Beach","2016","2016",4955,,
"3","Persons","TT","All ages","1","New South Wales","SA2","Statistical Area Level 2","114011275","Ettrema - Sassafras - Budawang","2016","2016",49,,
"3","Persons","TT","All ages","1","New South Wales","SA2","Statistical Area Level 2","114011276","Huskisson - Vincentia","2016","2016",4188,,
"3","Persons","TT","All ages","1","New South Wales","SA2","Statistical Area Level 2","114011277","North Nowra - Bomaderry","2016","2016",15759,,
"3","Persons","TT","All ages","1","New South Wales","SA2","Statistical Area Level 2","114011278","Nowra","2016","2016",20039,,
"3","Persons","TT","All ages","1","New South Wales","SA2","Statistical Area Level 2","114011279","St Georges Basin - Erowal Bay","2016","2016",14007,,
"3","Persons","TT","All ages","1","New South Wales","SA2","Statistical Area Level 2","114011280","Sussex Inlet - Berrara","2016","2016",4342,,
"3","Persons","TT","All ages","1","New South Wales","SA2","Statistical Area Level 2","114011281","Tomerong - Wandandian - Woollamia","2016","2016",3407,,
"3","Persons","TT","All ages","1","New South Wales","SA2","Statistical Area Level 2","114011282","Ulladulla","2016","2016",15278,,
"3","Persons","TT","All ages","1","New South Wales","SA2","Statistical Area Level 2","114011283","Ulladulla Region","2016","2016",5062,,
"3","Persons","TT","All ages","1","New South Wales","SA2","Statistical Area Level 2","114021284","Bowral","2016","2016",12949,,
"3","Persons","TT","All ages","1","New South Wales","SA2","Statistical Area Level 2","114021285","Hill Top - Colo Vale","2016","2016",6025,,
"3","Persons","TT","All ages","1","New South Wales","SA2","Statistical Area Level 2","114021286","Mittagong","2016","2016",8999,,
"3","Persons","TT","All ages","1","New South Wales","SA2","Statistical Area Level 2","114021287","Moss Vale - Berrima","2016","2016",9797,,
"3","Persons","TT","All ages","1","New South Wales","SA2","Statistical Area Level 2","114021288","Robertson - Fitzroy Falls","2016","2016",3506,,
"3","Persons","TT","All ages","1","New South Wales","SA2","Statistical Area Level 2","114021289","Southern Highlands","2016","2016",6589,,
"3","Persons","TT","All ages","1","New South Wales","SA2","Statistical Area Level 2","197979799","Migratory - Offshore - Shipping (NSW)","2016","2016",412,,
"3","Persons","TT","All ages","8","Australian Capital Territory","SA2","Statistical Area Level 2","801011001","Aranda","2016","2016",2393,,
"3","Persons","TT","All ages","8","Australian Capital Territory","SA2","Statistical Area Level 2","801011002","Belconnen","2016","2016",6657,,
"3","Persons","TT","All ages","8","Australian Capital Territory","SA2","Statistical Area Level 2","801011003","Bruce","2016","2016",6997,,
"3","Persons","TT","All ages","8","Australian Capital Territory","SA2","Statistical Area Level 2","801011004","Charnwood","2016","2016",2979,,
"3","Persons","TT","All ages","8","Australian Capital Territory","SA2","Statistical Area Level 2","801011005","Cook","2016","2016",2805,,
"3","Persons","TT","All ages","8","Australian Capital Territory","SA2","Statistical Area Level 2","801011006","Dunlop","2016","2016",7197,,
"3","Persons","TT","All ages","8","Australian Capital Territory","SA2","Statistical Area Level 2","801011007","Evatt","2016","2016",5327,,
"3","Persons","TT","All ages","8","Australian Capital Territory","SA2","Statistical Area Level 2","801011008","Florey","2016","2016",4764,,
"3","Persons","TT","All ages","8","Australian Capital Territory","SA2","Statistical Area Level 2","801011009","Flynn (ACT)","2016","2016",3360,,
"3","Persons","TT","All ages","8","Australian Capital Territory","SA2","Statistical Area Level 2","801011010","Fraser","2016","2016",2026,,
"3","Persons","TT","All ages","8","Australian Capital Territory","SA2","Statistical Area Level 2","801011011","Giralang","2016","2016",3316,,
"3","Persons","TT","All ages","8","Australian Capital Territory","SA2","Statistical Area Level 2","801011012","Gooromon","2016","2016",4,,
"3","Persons","TT","All ages","8","Australian Capital Territory","SA2","Statistical Area Level 2","801011013","Hawker","2016","2016",2952,,
"3","Persons","TT","All ages","8","Australian Capital Territory","SA2","Statistical Area Level 2","801011014","Higgins","2016","2016",3073,,
"3","Persons","TT","All ages","8","Australian Capital Territory","SA2","Statistical Area Level 2","801011015","Holt","2016","2016",4619,,
"3","Persons","TT","All ages","8","Australian Capital Territory","SA2","Statistical Area Level 2","801011016","Kaleen","2016","2016",7271,,
"3","Persons","TT","All ages","8","Australian Capital Territory","SA2","Statistical Area Level 2","801011017","Latham","2016","2016",3634,,
"3","Persons","TT","All ages","8","Australian Capital Territory","SA2","Statistical Area Level 2","801011018","Lawson","2016","2016",148,,
"3","Persons","TT","All ages","8","Australian Capital Territory","SA2","Statistical Area Level 2","801011019","Macgregor (ACT)","2016","2016",6796,,
"3","Persons","TT","All ages","8","Australian Capital Territory","SA2","Statistical Area Level 2","801011020","Macquarie","2016","2016",2700,,
"3","Persons","TT","All ages","8","Australian Capital Territory","SA2","Statistical Area Level 2","801011021","McKellar","2016","2016",2746,,
"3","Persons","TT","All ages","8","Australian Capital Territory","SA2","Statistical Area Level 2","801011022","Melba","2016","2016",3147,,
"3","Persons","TT","All ages","8","Australian Capital Territory","SA2","Statistical Area Level 2","801011023","Page","2016","2016",3025,,
"3","Persons","TT","All ages","8","Australian Capital Territory","SA2","Statistical Area Level 2","801011024","Scullin","2016","2016",2929,,
"3","Persons","TT","All ages","8","Australian Capital Territory","SA2","Statistical Area Level 2","801011025","Spence","2016","2016",2585,,
"3","Persons","TT","All ages","8","Australian Capital Territory","SA2","Statistical Area Level 2","801011026","Weetangera","2016","2016",2576,,
"3","Persons","TT","All ages","8","Australian Capital Territory","SA2","Statistical Area Level 2","801011111","Molonglo Corridor","2016","2016",12,,
"3","Persons","TT","All ages","8","Australian Capital Territory","SA2","Statistical Area Level 2","801011112","West Belconnen","2016","2016",18,,
"3","Persons","TT","All ages","8","Australian Capital Territory","SA2","Statistical Area Level 2","801031031","Hume","2016","2016",430,,
"3","Persons","TT","All ages","8","Australian Capital Territory","SA2","Statistical Area Level 2","801031032","Kowen","2016","2016",38,,
"3","Persons","TT","All ages","8","Australian Capital Territory","SA2","Statistical Area Level 2","801031113","Canberra East","2016","2016",840,,
"3","Persons","TT","All ages","8","Australian Capital Territory","SA2","Statistical Area Level 2","801031114","Canberra Airport","2016","2016",103,,
"3","Persons","TT","All ages","8","Australian Capital Territory","SA2","Statistical Area Level 2","801031115","Majura","2016","2016",171,,
"3","Persons","TT","All ages","8","Australian Capital Territory","SA2","Statistical Area Level 2","801041034","Amaroo","2016","2016",5710,,
"3","Persons","TT","All ages","8","Australian Capital Territory","SA2","Statistical Area Level 2","801041035","Bonner","2016","2016",6730,,
"3","Persons","TT","All ages","8","Australian Capital Territory","SA2","Statistical Area Level 2","801041036","Casey","2016","2016",5758,,
"3","Persons","TT","All ages","8","Australian Capital Territory","SA2","Statistical Area Level 2","801041037","Crace","2016","2016",4459,,
"3","Persons","TT","All ages","8","Australian Capital Territory","SA2","Statistical Area Level 2","801041038","Forde","2016","2016",4308,,
"3","Persons","TT","All ages","8","Australian Capital Territory","SA2","Statistical Area Level 2","801041039","Franklin","2016","2016",6419,,
"3","Persons","TT","All ages","8","Australian Capital Territory","SA2","Statistical Area Level 2","801041040","Gungahlin","2016","2016",6134,,
"3","Persons","TT","All ages","8","Australian Capital Territory","SA2","Statistical Area Level 2","801041043","Hall","2016","2016",271,,
"3","Persons","TT","All ages","8","Australian Capital Territory","SA2","Statistical Area Level 2","801041044","Harrison","2016","2016",7687,,
"3","Persons","TT","All ages","8","Australian Capital Territory","SA2","Statistical Area Level 2","801041045","Mitchell","2016","2016",6,,
"3","Persons","TT","All ages","8","Australian Capital Territory","SA2","Statistical Area Level 2","801041046","Ngunnawal","2016","2016",10486,,
"3","Persons","TT","All ages","8","Australian Capital Territory","SA2","Statistical Area Level 2","801041047","Nicholls","2016","2016",6865,,
"3","Persons","TT","All ages","8","Australian Capital Territory","SA2","Statistical Area Level 2","801041048","Palmerston","2016","2016",5525,,
"3","Persons","TT","All ages","8","Australian Capital Territory","SA2","Statistical Area Level 2","801041116","Gungahlin - East","2016","2016",0,,
"3","Persons","TT","All ages","8","Australian Capital Territory","SA2","Statistical Area Level 2","801041117","Gungahlin - West","2016","2016",0,,
"3","Persons","TT","All ages","8","Australian Capital Territory","SA2","Statistical Area Level 2","801041118","Jacka","2016","2016",670,,
"3","Persons","TT","All ages","8","Australian Capital Territory","SA2","Statistical Area Level 2","801041119","Kenny","2016","2016",8,,
"3","Persons","TT","All ages","8","Australian Capital Territory","SA2","Statistical Area Level 2","801041120","Moncrieff","2016","2016",105,,
"3","Persons","TT","All ages","8","Australian Capital Territory","SA2","Statistical Area Level 2","801041121","Taylor","2016","2016",0,,
"3","Persons","TT","All ages","8","Australian Capital Territory","SA2","Statistical Area Level 2","801041122","Throsby","2016","2016",0,,
"3","Persons","TT","All ages","8","Australian Capital Territory","SA2","Statistical Area Level 2","801051049","Acton","2016","2016",2086,,
"3","Persons","TT","All ages","8","Australian Capital Territory","SA2","Statistical Area Level 2","801051050","Ainslie","2016","2016",5189,,
"3","Persons","TT","All ages","8","Australian Capital Territory","SA2","Statistical Area Level 2","801051051","Braddon","2016","2016",5500,,
"3","Persons","TT","All ages","8","Australian Capital Territory","SA2","Statistical Area Level 2","801051053","Civic","2016","2016",4276,,
"3","Persons","TT","All ages","8","Australian Capital Territory","SA2","Statistical Area Level 2","801051054","Dickson","2016","2016",2149,,
"3","Persons","TT","All ages","8","Australian Capital Territory","SA2","Statistical Area Level 2","801051055","Downer","2016","2016",3662,,
"3","Persons","TT","All ages","8","Australian Capital Territory","SA2","Statistical Area Level 2","801051056","Hackett","2016","2016",2991,,
"3","Persons","TT","All ages","8","Australian Capital Territory","SA2","Statistical Area Level 2","801051057","Lyneham","2016","2016",5112,,
"3","Persons","TT","All ages","8","Australian Capital Territory","SA2","Statistical Area Level 2","801051058","O'Connor (ACT)","2016","2016",5481,,
"3","Persons","TT","All ages","8","Australian Capital Territory","SA2","Statistical Area Level 2","801051060","Turner","2016","2016",4047,,
"3","Persons","TT","All ages","8","Australian Capital Territory","SA2","Statistical Area Level 2","801051061","Watson","2016","2016",5862,,
"3","Persons","TT","All ages","8","Australian Capital Territory","SA2","Statistical Area Level 2","801051123","Black Mountain","2016","2016",0,,
"3","Persons","TT","All ages","8","Australian Capital Territory","SA2","Statistical Area Level 2","801051124","Campbell","2016","2016",3226,,
"3","Persons","TT","All ages","8","Australian Capital Territory","SA2","Statistical Area Level 2","801051125","Duntroon","2016","2016",1775,,
"3","Persons","TT","All ages","8","Australian Capital Territory","SA2","Statistical Area Level 2","801051126","Parkes (ACT) - North","2016","2016",4,,
"3","Persons","TT","All ages","8","Australian Capital Territory","SA2","Statistical Area Level 2","801051127","Reid","2016","2016",1636,,
"3","Persons","TT","All ages","8","Australian Capital Territory","SA2","Statistical Area Level 2","801051128","Russell","2016","2016",0,,
"3","Persons","TT","All ages","8","Australian Capital Territory","SA2","Statistical Area Level 2","801061062","Deakin","2016","2016",2878,,
"3","Persons","TT","All ages","8","Australian Capital Territory","SA2","Statistical Area Level 2","801061063","Forrest","2016","2016",1615,,
"3","Persons","TT","All ages","8","Australian Capital Territory","SA2","Statistical Area Level 2","801061064","Griffith (ACT)","2016","2016",4575,,
"3","Persons","TT","All ages","8","Australian Capital Territory","SA2","Statistical Area Level 2","801061066","Lake Burley Griffin","2016","2016",0,,
"3","Persons","TT","All ages","8","Australian Capital Territory","SA2","Statistical Area Level 2","801061067","Narrabundah","2016","2016",5960,,
"3","Persons","TT","All ages","8","Australian Capital Territory","SA2","Statistical Area Level 2","801061068","Parkes (ACT) - South","2016","2016",8,,
"3","Persons","TT","All ages","8","Australian Capital Territory","SA2","Statistical Area Level 2","801061069","Red Hill (ACT)","2016","2016",3170,,
"3","Persons","TT","All ages","8","Australian Capital Territory","SA2","Statistical Area Level 2","801061070","Yarralumla","2016","2016",2890,,
"3","Persons","TT","All ages","8","Australian Capital Territory","SA2","Statistical Area Level 2","801061129","Barton","2016","2016",1435,,
"3","Persons","TT","All ages","8","Australian Capital Territory","SA2","Statistical Area Level 2","801061130","Fyshwick","2016","2016",56,,
"3","Persons","TT","All ages","8","Australian Capital Territory","SA2","Statistical Area Level 2","801061131","Kingston (ACT)","2016","2016",4424,,
"3","Persons","TT","All ages","8","Australian Capital Territory","SA2","Statistical Area Level 2","801071071","Banks","2016","2016",4967,,
"3","Persons","TT","All ages","8","Australian Capital Territory","SA2","Statistical Area Level 2","801071072","Bonython","2016","2016",3786,,
"3","Persons","TT","All ages","8","Australian Capital Territory","SA2","Statistical Area Level 2","801071073","Calwell","2016","2016",5758,,
"3","Persons","TT","All ages","8","Australian Capital Territory","SA2","Statistical Area Level 2","801071074","Chisholm","2016","2016",5121,,
"3","Persons","TT","All ages","8","Australian Capital Territory","SA2","Statistical Area Level 2","801071075","Conder","2016","2016",5059,,
"3","Persons","TT","All ages","8","Australian Capital Territory","SA2","Statistical Area Level 2","801071076","Fadden","2016","2016",2949,,
"3","Persons","TT","All ages","8","Australian Capital Territory","SA2","Statistical Area Level 2","801071077","Gilmore","2016","2016",2750,,
"3","Persons","TT","All ages","8","Australian Capital Territory","SA2","Statistical Area Level 2","801071078","Gordon (ACT)","2016","2016",7611,,
"3","Persons","TT","All ages","8","Australian Capital Territory","SA2","Statistical Area Level 2","801071079","Gowrie (ACT)","2016","2016",3056,,
"3","Persons","TT","All ages","8","Australian Capital Territory","SA2","Statistical Area Level 2","801071080","Greenway","2016","2016",1894,,
"3","Persons","TT","All ages","8","Australian Capital Territory","SA2","Statistical Area Level 2","801071081","Isabella Plains","2016","2016",4405,,
"3","Persons","TT","All ages","8","Australian Capital Territory","SA2","Statistical Area Level 2","801071082","Kambah","2016","2016",14900,,
"3","Persons","TT","All ages","8","Australian Capital Territory","SA2","Statistical Area Level 2","801071083","Macarthur","2016","2016",1427,,
"3","Persons","TT","All ages","8","Australian Capital Territory","SA2","Statistical Area Level 2","801071084","Monash","2016","2016",5431,,
"3","Persons","TT","All ages","8","Australian Capital Territory","SA2","Statistical Area Level 2","801071085","Mount Taylor","2016","2016",3,,
"3","Persons","TT","All ages","8","Australian Capital Territory","SA2","Statistical Area Level 2","801071086","Oxley (ACT)","2016","2016",1693,,
"3","Persons","TT","All ages","8","Australian Capital Territory","SA2","Statistical Area Level 2","801071087","Richardson","2016","2016",3006,,
"3","Persons","TT","All ages","8","Australian Capital Territory","SA2","Statistical Area Level 2","801071088","Theodore","2016","2016",3799,,
"3","Persons","TT","All ages","8","Australian Capital Territory","SA2","Statistical Area Level 2","801071089","Tuggeranong","2016","2016",21,,
"3","Persons","TT","All ages","8","Australian Capital Territory","SA2","Statistical Area Level 2","801071090","Wanniassa","2016","2016",7512,,
"3","Persons","TT","All ages","8","Australian Capital Territory","SA2","Statistical Area Level 2","801071132","Tuggeranong - West","2016","2016",12,,
"3","Persons","TT","All ages","8","Australian Capital Territory","SA2","Statistical Area Level 2","801081091","Chapman","2016","2016",2684,,
"3","Persons","TT","All ages","8","Australian Capital Territory","SA2","Statistical Area Level 2","801081092","Duffy","2016","2016",3162,,
"3","Persons","TT","All ages","8","Australian Capital Territory","SA2","Statistical Area Level 2","801081093","Fisher","2016","2016",3004,,
"3","Persons","TT","All ages","8","Australian Capital Territory","SA2","Statistical Area Level 2","801081094","Holder","2016","2016",2606,,
"3","Persons","TT","All ages","8","Australian Capital Territory","SA2","Statistical Area Level 2","801081095","Rivett","2016","2016",3193,,
"3","Persons","TT","All ages","8","Australian Capital Territory","SA2","Statistical Area Level 2","801081096","Stirling","2016","2016",2134,,
"3","Persons","TT","All ages","8","Australian Capital Territory","SA2","Statistical Area Level 2","801081097","Waramanga","2016","2016",2629,,
"3","Persons","TT","All ages","8","Australian Capital Territory","SA2","Statistical Area Level 2","801081098","Weston","2016","2016",3576,,
"3","Persons","TT","All ages","8","Australian Capital Territory","SA2","Statistical Area Level 2","801081133","Scrivener","2016","2016",3,,
"3","Persons","TT","All ages","8","Australian Capital Territory","SA2","Statistical Area Level 2","801091099","Chifley","2016","2016",2407,,
"3","Persons","TT","All ages","8","Australian Capital Territory","SA2","Statistical Area Level 2","801091100","Curtin","2016","2016",5238,,
"3","Persons","TT","All ages","8","Australian Capital Territory","SA2","Statistical Area Level 2","801091101","Farrer","2016","2016",3231,,
"3","Persons","TT","All ages","8","Australian Capital Territory","SA2","Statistical Area Level 2","801091102","Garran","2016","2016",3497,,
"3","Persons","TT","All ages","8","Australian Capital Territory","SA2","Statistical Area Level 2","801091103","Hughes","2016","2016",2990,,
"3","Persons","TT","All ages","8","Australian Capital Territory","SA2","Statistical Area Level 2","801091104","Isaacs","2016","2016",2341,,
"3","Persons","TT","All ages","8","Australian Capital Territory","SA2","Statistical Area Level 2","801091105","Lyons (ACT)","2016","2016",3085,,
"3","Persons","TT","All ages","8","Australian Capital Territory","SA2","Statistical Area Level 2","801091106","Mawson","2016","2016",3252,,
"3","Persons","TT","All ages","8","Australian Capital Territory","SA2","Statistical Area Level 2","801091107","O'Malley","2016","2016",991,,
"3","Persons","TT","All ages","8","Australian Capital Territory","SA2","Statistical Area Level 2","801091108","Pearce","2016","2016",2579,,
"3","Persons","TT","All ages","8","Australian Capital Territory","SA2","Statistical Area Level 2","801091109","Phillip","2016","2016",2936,,
"3","Persons","TT","All ages","8","Australian Capital Territory","SA2","Statistical Area Level 2","801091110","Torrens","2016","2016",2206,,
"3","Persons","TT","All ages","8","Australian Capital Territory","SA2","Statistical Area Level 2","801101134","Arboretum","2016","2016",7,,
"3","Persons","TT","All ages","8","Australian Capital Territory","SA2","Statistical Area Level 2","801101135","Coombs","2016","2016",1811,,
"3","Persons","TT","All ages","8","Australian Capital Territory","SA2","Statistical Area Level 2","801101136","Denman Prospect","2016","2016",0,,
"3","Persons","TT","All ages","8","Australian Capital Territory","SA2","Statistical Area Level 2","801101137","Molonglo","2016","2016",3,,
"3","Persons","TT","All ages","8","Australian Capital Territory","SA2","Statistical Area Level 2","801101138","Molonglo - North","2016","2016",4,,
"3","Persons","TT","All ages","8","Australian Capital Territory","SA2","Statistical Area Level 2","801101139","Wright","2016","2016",2753,,
"3","Persons","TT","All ages","8","Australian Capital Territory","SA2","Statistical Area Level 2","801111140","ACT - South West","2016","2016",564,,
"3","Persons","TT","All ages","8","Australian Capital Territory","SA2","Statistical Area Level 2","801111141","Namadgi","2016","2016",42,,
"3","Persons","TT","All ages","8","Australian Capital Territory","SA2","Statistical Area Level 2","897979799","Migratory - Offshore - Shipping (ACT)","2016","2016",0,,
"3","Persons","TT","All ages","1","New South Wales","SA2","Statistical Area Level 2","199999499","No usual address (NSW)","2016","2016",12288,,
"3","Persons","TT","All ages","8","Australian Capital Territory","SA2","Statistical Area Level 2","899999499","No usual address (ACT)","2016","2016",538,,
